Country,2010,2010_lower, 2010_upper, 2010_Footnote,2011,2011_lower, 2011_upper, 2011_Footnote,2012,2012_lower, 2012_upper, 2012_Footnote,2013,2013_lower, 2013_upper, 2013_Footnote,2014,2014_lower, 2014_upper, 2014_Footnote,2015,2015_lower, 2015_upper, 2015_Footnote,2016,2016_lower, 2016_upper, 2016_Footnote,2017,2017_lower, 2017_upper, 2017_Footnote,2018,2018_lower, 2018_upper, 2018_Footnote,2019,2019_lower, 2019_upper, 2019_Footnote,2020,2020_lower, 2020_upper, 2020_Footnote,2021,2021_lower, 2021_upper, 2021_Footnote,2022,2022_lower, 2022_upper, 2022_Footnote,2023,2023_lower, 2023_upper, 2023_Footnote,2023,2023_Footnote
Afghanistan,<1000 ,<500 ,1800,,<1000 ,<500 ,2100,,<1000 ,<500 ,2300,,<1000 ,<500 ,2700,,<1000 ,<500 ,3100,,<1000 ,<500 ,3600,,1000,<500 ,4100,,1100,<500 ,4600,,1200,<500 ,5500,,1200,<500 ,5800,,1400,<500 ,6900,,1400,<500 ,7100,,1600,<500 ,8400,,1700,<500 ,9200,,175,
Albania,<100 ,<100 , <100,,<100 ,<100 , <200,,<100 ,<100 , <200,,<100 ,<100 , <200,,<100 ,<100 , <200,,<100 ,<100 , <200,,<100 ,<100 , <200,,<100 ,<100 , <200,,<100 ,<100 , <200,,<100 ,<100 , <200,,<100 ,<100 , <200,,<100 ,<100 , <200,,<100 ,<100 , <200,,<100 ,<100 , <200,,1,
Algeria,1200,1100,1300,,1200,1100,1300,,1300,1100,1300,,1300,1100,1400,,1300,1200,1400,,1400,1200,1500,,1400,1300,1500,,1500,1300,1600,,1500,1400,1700,,1600,1400,1900,,1700,1500,2000,,1800,1500,2300,,2000,1600,2500,,2100,1700,2800,,75,
Angola,28 000 ,24 000 , 34 000,,28 000 ,24 000 , 34 000,,28 000 ,23 000 , 34 000,,26 000 ,22 000 , 32 000,,24 000 ,20 000 , 29 000,,23 000 ,19 000 , 29 000,,23 000 ,19 000 , 29 000,,23 000 ,18 000 , 29 000,,22 000 ,17 000 , 28 000,,20 000 ,16 000 , 26 000,,19 000 ,15 000 , 25 000,,18 000 ,14 000 , 24 000,,17 000 ,13 000 , 23 000,,16 000 ,12 000 , 22 000,,-44,
Argentina,5700,5100,6300,,5700,5100,6300,,5700,5100,6300,,5700,5100,6300,,5600,5000,6300,,5600,4900,6200,,5400,4700,6100,,5300,4600,6000,,5100,4500,5800,,5000,4400,5800,,4800,4200,5600,,4700,4000,5500,,4500,3800,5300,,4200,3600,5200,,-26,
Armenia,<500 ,<500 , <500,,<500 ,<500 , <500,,<500 ,<500 , <500,,<500 ,<500 , <500,,<500 ,<500 , <500,,<500 ,<500 , <1000,,<500 ,<500 , <1000,,<500 ,<500 , <1000,,<1000 ,<500 , <1000,,<1000 ,<500 , <1000,,<1000 ,<500 , <1000,,<1000 ,<500 , <1000,,<1000 ,<500 , <1000,,<1000 ,<500 , <1000,,50,
Australia,1100,1100,1100,,1100,1100,1100,,1100,1100,1100,,1000,1000,1100,,1000,<1000 ,1000,,<1000 ,<1000 , <1000,,<1000 ,<1000 , <1000,,<1000 ,<1000 , <1000,,<1000 ,<1000 , <1000,,<1000 ,<1000 , <1000,,<500 ,<500 , <1000,,<500 ,<200 , <1000,,<500 ,<100 , <500,,... ,... , ...,,...,
Austria,... ,... , ...,Estimates were not available at the time of publication.,... ,... , ...,Estimates were not available at the time of publication.,... ,... , ...,Estimates were not available at the time of publication.,... ,... , ...,Estimates were not available at the time of publication.,... ,... , ...,Estimates were not available at the time of publication.,... ,... , ...,Estimates were not available at the time of publication.,... ,... , ...,Estimates were not available at the time of publication.,... ,... , ...,Estimates were not available at the time of publication.,... ,... , ...,Estimates were not available at the time of publication.,... ,... , ...,Estimates were not available at the time of publication.,... ,... , ...,Estimates were not available at the time of publication.,... ,... , ...,Estimates were not available at the time of publication.,... ,... , ...,Estimates were not available at the time of publication.,... ,... , ...,Estimates were not available at the time of publication.,...,Estimates were not available at the time of publication.
Azerbaijan,<1000 ,<1000 , <1000,,<1000 ,<1000 , <1000,,<1000 ,<1000 , <1000,,<1000 ,<1000 , <1000,,<1000 ,<500 , <1000,,<1000 ,<500 , <1000,,<1000 ,<500 , <1000,,<1000 ,<500 , <1000,,<1000 ,<500 , <1000,,<1000 ,<500 , <1000,,<500 ,<500 , <1000,,<500 ,<500 , <1000,,<500 ,<500 , <1000,,<500 ,<500 , <1000,,-36,
Bahamas,<200 ,<200 , <200,,<200 ,<200 , <200,,<200 ,<200 , <200,,<200 ,<200 , <200,,<200 ,<100 , <200,,<200 ,<100 , <200,,<200 ,<100 , <200,,<200 ,<100 , <200,,<100 ,<100 , <200,,<100 ,<100 , <200,,<100 ,<100 , <200,,<100 ,<100 , <200,,<100 ,<100 , <200,,<100 ,<100 , <200,,-58,
Bahrain,... ,... , ...,Estimates were not available at the time of publication.,... ,... , ...,Estimates were not available at the time of publication.,... ,... , ...,Estimates were not available at the time of publication.,... ,... , ...,Estimates were not available at the time of publication.,... ,... , ...,Estimates were not available at the time of publication.,... ,... , ...,Estimates were not available at the time of publication.,... ,... , ...,Estimates were not available at the time of publication.,... ,... , ...,Estimates were not available at the time of publication.,... ,... , ...,Estimates were not available at the time of publication.,... ,... , ...,Estimates were not available at the time of publication.,... ,... , ...,Estimates were not available at the time of publication.,... ,... , ...,Estimates were not available at the time of publication.,... ,... , ...,Estimates were not available at the time of publication.,... ,... , ...,Estimates were not available at the time of publication.,...,Estimates were not available at the time of publication.
Bangladesh,<1000 ,<1000 , <1000,,1000,<1000 ,1000,,1100,1100,1100,,1200,1200,1200,,1300,1200,1300,,1300,1300,1300,,1300,1300,1300,,1200,1200,1200,,1200,1200,1200,,1100,1100,1200,,1100,1100,1100,,1100,1100,1100,,1100,1100,1100,,1100,1100,1100,,20,
Barbados,<100 ,<100 , <200,,<100 ,<100 , <200,,<100 ,<100 , <200,,<100 ,<100 , <100,,<100 ,<100 , <100,,<100 ,<100 , <100,,<100 ,<100 , <100,,<100 ,<100 , <100,,<100 ,<100 , <100,,<100 ,<100 , <100,,<100 ,<100 , <100,,<100 ,<100 , <100,,<100 ,<100 , <100,,<100 ,<100 , <100,,-56,
Belarus,2500,2000,3200,,2500,1900,3200,,2500,1900,3200,,2300,1700,3100,,2200,1500,3000,,2000,1300,2800,,1700,1000,2600,,1500,<1000 ,2400,,1400,<1000 ,2400,,1200,<1000 ,2400,,1100,<1000 ,2300,,<1000 ,<500 ,2300,,<1000 ,<500 ,2200,,<1000 ,<500 ,2100,,-64,
Belgium,... ,... , ...,Estimates were not available at the time of publication.,... ,... , ...,Estimates were not available at the time of publication.,... ,... , ...,Estimates were not available at the time of publication.,... ,... , ...,Estimates were not available at the time of publication.,... ,... , ...,Estimates were not available at the time of publication.,... ,... , ...,Estimates were not available at the time of publication.,... ,... , ...,Estimates were not available at the time of publication.,... ,... , ...,Estimates were not available at the time of publication.,... ,... , ...,Estimates were not available at the time of publication.,... ,... , ...,Estimates were not available at the time of publication.,... ,... , ...,Estimates were not available at the time of publication.,... ,... , ...,Estimates were not available at the time of publication.,... ,... , ...,Estimates were not available at the time of publication.,... ,... , ...,Estimates were not available at the time of publication.,...,Estimates were not available at the time of publication.
Belize,<500 ,<200 , <500,,<200 ,<200 , <500,,<200 ,<200 , <500,,<200 ,<200 , <500,,<200 ,<200 , <500,,<200 ,<200 , <200,,<200 ,<200 , <200,,<200 ,<200 , <200,,<200 ,<200 , <200,,<200 ,<200 , <200,,<200 ,<200 , <200,,<200 ,<200 , <200,,<200 ,<200 , <200,,<200 ,<200 , <200,,-23,
Benin,5000,3900,6400,,4600,3500,6200,,4200,3200,5900,,4000,3000,5600,,3600,2600,5200,,2900,2100,4400,,2600,1800,3900,,2500,1700,3800,,2500,1700,3900,,2000,1300,3200,,1800,1100,2900,,1700,<1000 ,2900,,1400,<1000 ,2500,,1400,<1000 ,2500,,-72,
Bhutan,<100 ,<100 , <200,,<100 ,<100 , <200,,<100 ,<100 , <200,,<100 ,<100 , <200,,<100 ,<100 , <200,,<100 ,<100 , <200,,<100 ,<100 , <200,,<100 ,<100 , <200,,<100 ,<100 , <200,,<100 ,<100 , <200,,<100 ,<100 , <200,,<100 ,<100 , <200,,<100 ,<100 , <200,,<100 ,<100 , <200,,-17,
Bolivia (Plurinational State of),2000,1700,2500,,2100,1700,2600,,2000,1700,2600,,2000,1700,2500,,2100,1700,2600,,2000,1700,2600,,2000,1600,2500,,1900,1600,2500,,2000,1600,2500,,1900,1500,2500,,1900,1500,2500,,1900,1500,2500,,2000,1600,2600,,2000,1600,2600,,-1,
Bosnia and Herzegovina,<100 ,<100 , <100,,<100 ,<100 , <100,,<100 ,<100 , <100,,<100 ,<100 , <100,,<100 ,<100 , <100,,<100 ,<100 , <100,,<100 ,<100 , <100,,<100 ,<100 , <100,,<100 ,<100 , <100,,<100 ,<100 , <100,,<100 ,<100 , <100,,<100 ,<100 , <100,,<100 ,<100 , <100,,<100 ,<100 , <200,,123,
Botswana,14 000 ,12 000 , 15 000,,14 000 ,13 000 , 15 000,,13 000 ,12 000 , 14 000,,12 000 ,11 000 , 13 000,,12 000 ,11 000 , 13 000,,11 000 ,10 000 , 12 000,,10 000 ,9600, 11 000,,9200,8200,9900,,8200,7200,9000,,7200,6200,7900,,6400,5400,7100,,5200,4300,6000,,4400,3700,5200,,4100,3300,4900,,-69,
Brazil,49 000 ,45 000 , 52 000,,49 000 ,46 000 , 52 000,,49 000 ,46 000 , 52 000,,49 000 ,46 000 , 52 000,,49 000 ,46 000 , 52 000,,49 000 ,46 000 , 52 000,,49 000 ,46 000 , 52 000,,49 000 ,46 000 , 52 000,,49 000 ,46 000 , 52 000,,49 000 ,46 000 , 52 000,,49 000 ,46 000 , 52 000,,50 000 ,47 000 , 53 000,,51 000 ,47 000 , 54 000,,51 000 ,48 000 , 54 000,,5,
Brunei Darussalam,... ,... , ...,Estimates were not available at the time of publication.,... ,... , ...,Estimates were not available at the time of publication.,... ,... , ...,Estimates were not available at the time of publication.,... ,... , ...,Estimates were not available at the time of publication.,... ,... , ...,Estimates were not available at the time of publication.,... ,... , ...,Estimates were not available at the time of publication.,... ,... , ...,Estimates were not available at the time of publication.,... ,... , ...,Estimates were not available at the time of publication.,... ,... , ...,Estimates were not available at the time of publication.,... ,... , ...,Estimates were not available at the time of publication.,... ,... , ...,Estimates were not available at the time of publication.,... ,... , ...,Estimates were not available at the time of publication.,... ,... , ...,Estimates were not available at the time of publication.,... ,... , ...,Estimates were not available at the time of publication.,...,Estimates were not available at the time of publication.
Bulgaria,<200 ,<200 , <500,,<200 ,<200 , <500,,<200 ,<200 , <500,,<500 ,<200 , <500,,<500 ,<200 , <500,,<500 ,<200 , <500,,<500 ,<200 , <500,,<500 ,<200 , <500,,<500 ,<200 , <500,,<500 ,<200 , <500,,<200 ,<200 , <500,,<200 ,<200 , <500,,<500 ,<200 , <500,,<500 ,<200 , <500,,14,
Burkina Faso,5900,4500,7700,,5500,4100,7300,,5100,3900,6700,,4700,3600,6300,,4200,3100,5500,,4100,3200,5400,,3600,2800,4900,,3200,2400,4300,,2900,2100,3900,,2500,1800,3500,,2300,1700,3200,,2100,1400,3000,,1800,1200,2700,,1900,1300,2600,,-68,
Burundi,4500,3500,5800,,3900,2900,5200,,3700,2700,4800,,3500,2500,4700,,3300,2200,4400,,3100,2200,4200,,2600,1800,3600,,2100,1500,3000,,1900,1300,2700,,1900,1400,2700,,1600,1200,2300,,1800,1400,2500,,1800,1400,2500,,1600,1200,2200,,-64,
Cabo Verde,<200 ,<200 , <500,,<200 ,<200 , <500,,<200 ,<200 , <500,,<200 ,<200 , <500,,<200 ,<200 , <500,,<500 ,<200 , <500,,<500 ,<200 , <500,,<500 ,<200 , <500,,<500 ,<200 , <500,,<500 ,<200 , <500,,<500 ,<200 , <500,,<500 ,<200 , <500,,<500 ,<200 , <500,,<500 ,<200 , <500,,57,
Cambodia,2200,2000,2400,,2000,1800,2200,,1900,1700,2000,,1800,1600,1900,,1700,1500,1800,,1600,1400,1700,,1600,1400,1700,,1500,1300,1600,,1400,1300,1600,,1400,1200,1500,,1300,1200,1500,,1400,1200,1500,,1300,1200,1400,,1200,1100,1300,,-45,
Cameroon,... ,... , ...,Estimates were not available at the time of publication.,... ,... , ...,Estimates were not available at the time of publication.,... ,... , ...,Estimates were not available at the time of publication.,... ,... , ...,Estimates were not available at the time of publication.,... ,... , ...,Estimates were not available at the time of publication.,... ,... , ...,Estimates were not available at the time of publication.,... ,... , ...,Estimates were not available at the time of publication.,... ,... , ...,Estimates were not available at the time of publication.,... ,... , ...,Estimates were not available at the time of publication.,... ,... , ...,Estimates were not available at the time of publication.,... ,... , ...,Estimates were not available at the time of publication.,... ,... , ...,Estimates were not available at the time of publication.,... ,... , ...,Estimates were not available at the time of publication.,... ,... , ...,Estimates were not available at the time of publication.,...,Estimates were not available at the time of publication.
Canada,2100,1600,2500,,1900,1500,2300,,1900,1400,2300,,1800,1300,2200,,1800,1400,2200,,1900,1400,2200,,1900,1400,2300,,1900,1400,2300,,2000,1400,2400,,1800,1400,2200,,1500,1200,1800,,... ,... , ...,,... ,... , ...,,... ,... , ...,,...,
Central African Republic,... ,... , ...,Estimates were not available at the time of publication.,... ,... , ...,Estimates were not available at the time of publication.,... ,... , ...,Estimates were not available at the time of publication.,... ,... , ...,Estimates were not available at the time of publication.,... ,... , ...,Estimates were not available at the time of publication.,... ,... , ...,Estimates were not available at the time of publication.,... ,... , ...,Estimates were not available at the time of publication.,... ,... , ...,Estimates were not available at the time of publication.,... ,... , ...,Estimates were not available at the time of publication.,... ,... , ...,Estimates were not available at the time of publication.,... ,... , ...,Estimates were not available at the time of publication.,... ,... , ...,Estimates were not available at the time of publication.,... ,... , ...,Estimates were not available at the time of publication.,... ,... , ...,Estimates were not available at the time of publication.,...,Estimates were not available at the time of publication.
Chad,8300,6400, 11 000,,8100,6200, 10 000,,7700,5900, 10 000,,7100,5400,9400,,6400,4700,8600,,6700,5000,9000,,6600,4900,8700,,6200,4500,8500,,5900,4100,8200,,5800,4000,8200,,5500,3700,7700,,4900,3200,7100,,5000,3300,7400,,4500,2800,6900,,-46,
Chile,3400,2700,4000,,3600,3000,4200,,3900,3200,4400,,4100,3300,4600,,4200,3400,4800,,4300,3500,4900,,4300,3500,4900,,4400,3600,4900,,4400,3600,4900,,4300,3500,4900,,4200,3400,4700,,4000,3300,4600,,3700,3000,4300,,3400,2700,4000,,1,
China,... ,... , ...,Estimates were not available at the time of publication.,... ,... , ...,Estimates were not available at the time of publication.,... ,... , ...,Estimates were not available at the time of publication.,... ,... , ...,Estimates were not available at the time of publication.,... ,... , ...,Estimates were not available at the time of publication.,... ,... , ...,Estimates were not available at the time of publication.,... ,... , ...,Estimates were not available at the time of publication.,... ,... , ...,Estimates were not available at the time of publication.,... ,... , ...,Estimates were not available at the time of publication.,... ,... , ...,Estimates were not available at the time of publication.,... ,... , ...,Estimates were not available at the time of publication.,... ,... , ...,Estimates were not available at the time of publication.,... ,... , ...,Estimates were not available at the time of publication.,... ,... , ...,Estimates were not available at the time of publication.,...,Estimates were not available at the time of publication.
Colombia,12 000 ,9300, 16 000,,12 000 ,8600, 15 000,,11 000 ,8200, 15 000,,12 000 ,8400, 16 000,,12 000 ,8200, 16 000,,12 000 ,8300, 17 000,,12 000 ,8400, 18 000,,13 000 ,8300, 19 000,,13 000 ,8600, 21 000,,13 000 ,8600, 20 000,,13 000 ,8100, 20 000,,13 000 ,8300, 22 000,,13 000 ,8200, 23 000,,13 000 ,8000, 23 000,,7,
Comoros,<100 ,<100 , <100,,<100 ,<100 , <100,,<100 ,<100 , <100,,<100 ,<100 , <100,,<100 ,<100 , <100,,<100 ,<100 , <100,,<100 ,<100 , <100,,<100 ,<100 , <100,,<100 ,<100 , <100,,<100 ,<100 , <100,,<100 ,<100 , <100,,<100 ,<100 , <100,,<100 ,<100 , <100,,<100 ,<100 , <100,,-31,
Congo,7700,6000,9500,,7800,5900,9500,,8500,6500, 10 000,,8900,6600, 11 000,,8900,6600, 11 000,,9400,7000, 12 000,,9800,7200, 13 000,,9700,7000, 13 000,,9800,7000, 14 000,,10 000 ,6900, 15 000,,10 000 ,6700, 16 000,,10 000 ,6300, 16 000,,9800,5600, 17 000,,10 000 ,5500, 19 000,,35,
Costa Rica,<1000 ,<1000 ,1000,,<1000 ,<1000 ,1100,,<1000 ,<1000 ,1100,,<1000 ,<1000 ,1100,,<1000 ,<1000 ,1200,,1000,<1000 ,1200,,1000,<1000 ,1200,,1000,<1000 ,1200,,1000,<1000 ,1200,,<1000 ,<1000 ,1300,,<1000 ,<1000 ,1300,,<1000 ,<1000 ,1300,,<1000 ,<1000 ,1300,,<1000 ,<500 ,1200,,-1,
Croatia,<100 ,<100 , <100,,<100 ,<100 , <100,,<100 ,<100 , <200,,<100 ,<100 , <200,,<100 ,<100 , <100,,<100 ,<100 , <100,,<100 ,<100 , <100,,<100 ,<100 , <100,,<100 ,<100 , <100,,<100 ,<100 , <100,,<100 ,<100 , <100,,<100 ,<100 , <100,,<100 ,<100 , <100,,<100 ,<100 , <100,,-45,
Cuba,2300,1900,2700,,2300,1900,2700,,2300,1900,2700,,2300,1900,2700,,2300,1800,2700,,2200,1800,2700,,2200,1700,2600,,2200,1700,2600,,2100,1700,2600,,2100,1600,2600,,2100,1600,2500,,2000,1500,2500,,2000,1500,2500,,2000,1400,2500,,-15,
Cyprus,... ,... , ...,Estimates were not available at the time of publication.,... ,... , ...,Estimates were not available at the time of publication.,... ,... , ...,Estimates were not available at the time of publication.,... ,... , ...,Estimates were not available at the time of publication.,... ,... , ...,Estimates were not available at the time of publication.,... ,... , ...,Estimates were not available at the time of publication.,... ,... , ...,Estimates were not available at the time of publication.,... ,... , ...,Estimates were not available at the time of publication.,... ,... , ...,Estimates were not available at the time of publication.,... ,... , ...,Estimates were not available at the time of publication.,... ,... , ...,Estimates were not available at the time of publication.,... ,... , ...,Estimates were not available at the time of publication.,... ,... , ...,Estimates were not available at the time of publication.,... ,... , ...,Estimates were not available at the time of publication.,...,Estimates were not available at the time of publication.
Czechia,<200 ,<200 , <500,,<200 ,<200 , <500,,<200 ,<200 , <500,,<200 ,<200 , <500,,<200 ,<200 , <500,,<200 ,<200 , <500,,<200 ,<200 , <500,,<200 ,<200 , <500,,<200 ,<200 , <500,,<200 ,<200 , <500,,<200 ,<200 , <500,,<200 ,<200 , <500,,<200 ,<100 , <500,,<200 ,<100 , <500,,-18,
CÃ´te d'Ivoire,27 000 ,22 000 , 34 000,,27 000 ,22 000 , 34 000,,24 000 ,19 000 , 30 000,,21 000 ,16 000 , 27 000,,20 000 ,15 000 , 26 000,,19 000 ,13 000 , 25 000,,19 000 ,14 000 , 25 000,,17 000 ,12 000 , 23 000,,15 000 ,10 000 , 21 000,,14 000 ,8800, 20 000,,13 000 ,8400, 19 000,,11 000 ,6900, 18 000,,11 000 ,6300, 18 000,,11 000 ,6000, 18 000,,-60,
Democratic People's Republic of Korea,... ,... , ...,Estimates were not available at the time of publication.,... ,... , ...,Estimates were not available at the time of publication.,... ,... , ...,Estimates were not available at the time of publication.,... ,... , ...,Estimates were not available at the time of publication.,... ,... , ...,Estimates were not available at the time of publication.,... ,... , ...,Estimates were not available at the time of publication.,... ,... , ...,Estimates were not available at the time of publication.,... ,... , ...,Estimates were not available at the time of publication.,... ,... , ...,Estimates were not available at the time of publication.,... ,... , ...,Estimates were not available at the time of publication.,... ,... , ...,Estimates were not available at the time of publication.,... ,... , ...,Estimates were not available at the time of publication.,... ,... , ...,Estimates were not available at the time of publication.,... ,... , ...,Estimates were not available at the time of publication.,...,Estimates were not available at the time of publication.
Democratic Republic of the Congo,37 000 ,29 000 , 47 000,,36 000 ,28 000 , 46 000,,34 000 ,26 000 , 43 000,,32 000 ,24 000 , 42 000,,29 000 ,21 000 , 40 000,,29 000 ,20 000 , 39 000,,27 000 ,18 000 , 39 000,,26 000 ,18 000 , 38 000,,28 000 ,19 000 , 40 000,,26 000 ,18 000 , 38 000,,25 000 ,16 000 , 36 000,,23 000 ,14 000 , 36 000,,21 000 ,12 000 , 35 000,,21 000 ,12 000 , 33 000,,-44,
Denmark,<200 ,<200 , <500,,<200 ,<200 , <500,,<200 ,<200 , <500,,<200 ,<200 , <500,,<200 ,<200 , <500,,<200 ,<200 , <200,,<200 ,<200 , <200,,<200 ,<100 , <200,,<200 ,<100 , <200,,<100 ,<100 , <200,,<100 ,<100 , <200,,<100 ,<100 , <200,,<100 ,<100 , <100,,<100 ,<100 , <100,,-82,
Djibouti,<1000 ,<500 ,1100,,<1000 ,<500 ,1000,,<1000 ,<500 , <1000,,<500 ,<500 , <1000,,<500 ,<500 , <1000,,<500 ,<500 , <1000,,<500 ,<200 , <1000,,<500 ,<200 , <1000,,<500 ,<200 , <1000,,<500 ,<200 , <1000,,<500 ,<200 , <1000,,<500 ,<200 , <1000,,<500 ,<500 , <1000,,<500 ,<500 , <1000,,-49,
Dominican Republic,4600,3300,5800,,4500,3000,5700,,4200,2800,5400,,4000,2500,5200,,3900,2300,5100,,3900,2200,5200,,4100,2300,5400,,4300,2400,5600,,4400,2500,5700,,4700,2700,6100,,4800,2800,6300,,4700,2800,6200,,4400,2600,5900,,4000,2500,5600,,-13,
Ecuador,2400,2100,2800,,2400,2000,2800,,2400,2000,2800,,2400,2000,2800,,2400,2000,2800,,2400,2000,2800,,2200,1900,2700,,2200,1800,2700,,2100,1700,2700,,2100,1700,2700,,2100,1700,2700,,2200,1700,2800,,2200,1700,2900,,2200,1600,3000,,-9,
Egypt,1100,1100,1200,,1300,1200,1400,,1500,1400,1600,,1700,1500,1800,,1900,1700,2100,,2100,1900,2300,,2400,2100,2600,,2600,2300,3000,,2900,2500,3400,,3300,2800,4000,,3900,3200,4800,,4800,4000,6100,,6200,5100,7800,,8100,6700, 10 000,,609,
El Salvador,1300,1200,1500,,1200,1100,1400,,1100,<1000 ,1300,,1000,<1000 ,1200,,<1000 ,<1000 ,1100,,<1000 ,<1000 ,1100,,<1000 ,<1000 ,1000,,<1000 ,<1000 , <1000,,<1000 ,<1000 , <1000,,<1000 ,<1000 , <1000,,<1000 ,<1000 , <1000,,<1000 ,<1000 ,1000,,<1000 ,<1000 ,1100,,<1000 ,<1000 ,1100,,-37,
Equatorial Guinea,... ,... , ...,Estimates were not available at the time of publication.,... ,... , ...,Estimates were not available at the time of publication.,... ,... , ...,Estimates were not available at the time of publication.,... ,... , ...,Estimates were not available at the time of publication.,... ,... , ...,Estimates were not available at the time of publication.,... ,... , ...,Estimates were not available at the time of publication.,... ,... , ...,Estimates were not available at the time of publication.,... ,... , ...,Estimates were not available at the time of publication.,... ,... , ...,Estimates were not available at the time of publication.,... ,... , ...,Estimates were not available at the time of publication.,... ,... , ...,Estimates were not available at the time of publication.,... ,... , ...,Estimates were not available at the time of publication.,... ,... , ...,Estimates were not available at the time of publication.,... ,... , ...,Estimates were not available at the time of publication.,...,Estimates were not available at the time of publication.
Eritrea,<1000 ,<500 ,1100,,<1000 ,<500 ,1100,,<1000 ,<500 , <1000,,<1000 ,<500 , <1000,,<1000 ,<500 , <1000,,<500 ,<500 , <1000,,<500 ,<500 , <1000,,<500 ,<200 , <1000,,<500 ,<200 , <1000,,<500 ,<200 , <1000,,<500 ,<200 , <500,,<500 ,<200 , <500,,<500 ,<100 , <500,,<500 ,<200 , <500,,-69,
Estonia,<500 ,<500 , <500,,<500 ,<500 , <500,,<500 ,<200 , <500,,<500 ,<200 , <500,,<200 ,<200 , <500,,<200 ,<200 , <500,,<200 ,<200 , <200,,<200 ,<200 , <200,,<200 ,<100 , <200,,<200 ,<100 , <200,,<200 ,<100 , <200,,<200 ,<100 , <200,,<200 ,<100 , <200,,<100 ,<100 , <200,,-69,
Eswatini,15 000 ,14 000 , 17 000,,15 000 ,14 000 , 17 000,,15 000 ,14 000 , 17 000,,15 000 ,14 000 , 17 000,,14 000 ,13 000 , 16 000,,12 000 ,11 000 , 13 000,,9200,8100, 10 000,,7600,6700,8900,,7500,6500,8800,,6900,5900,8100,,4900,4200,6000,,4600,3800,5900,,4100,3300,5300,,4200,3300,5300,,-73,
Ethiopia,27 000 ,12 000 , 58 000,,24 000 ,11 000 , 52 000,,21 000 ,9600, 47 000,,19 000 ,8700, 42 000,,18 000 ,8100, 39 000,,16 000 ,7200, 35 000,,15 000 ,6800, 33 000,,14 000 ,6100, 30 000,,13 000 ,5700, 28 000,,11 000 ,5100, 25 000,,10 000 ,4500, 22 000,,11 000 ,4800, 23 000,,8400,3700, 18 000,,7400,3300, 16 000,,-72,
Fiji,<200 ,<100 , <200,,<200 ,<100 , <500,,<200 ,<100 , <500,,<200 ,<100 , <500,,<200 ,<100 , <500,,<200 ,<200 , <500,,<200 ,<200 , <500,,<500 ,<200 , <500,,<500 ,<200 , <500,,<500 ,<200 , <1000,,<500 ,<200 , <1000,,<500 ,<200 , <1000,,<500 ,<200 , <1000,,<500 ,<200 , <1000,,241,
Finland,... ,... , ...,Estimates were not available at the time of publication.,... ,... , ...,Estimates were not available at the time of publication.,... ,... , ...,Estimates were not available at the time of publication.,... ,... , ...,Estimates were not available at the time of publication.,... ,... , ...,Estimates were not available at the time of publication.,... ,... , ...,Estimates were not available at the time of publication.,... ,... , ...,Estimates were not available at the time of publication.,... ,... , ...,Estimates were not available at the time of publication.,... ,... , ...,Estimates were not available at the time of publication.,... ,... , ...,Estimates were not available at the time of publication.,... ,... , ...,Estimates were not available at the time of publication.,... ,... , ...,Estimates were not available at the time of publication.,... ,... , ...,Estimates were not available at the time of publication.,... ,... , ...,Estimates were not available at the time of publication.,...,Estimates were not available at the time of publication.
France,6800,5500,7600,,6600,5300,7400,,6500,5200,7300,,6300,5100,7100,,6200,5000,7000,,6100,4900,6800,,6000,4900,6700,,5900,4800,6600,,5800,4700,6600,,5700,4700,6500,,5700,4600,6400,,5600,4500,6300,,5500,4400,6300,,5500,4400,6300,,-19,
Gabon,3100,2500,4100,,2900,2300,3800,,2700,2000,3700,,2600,2000,3700,,2600,1900,3700,,2600,1800,3600,,2500,1700,3700,,2400,1500,3600,,2300,1400,3600,,2200,1300,3700,,2200,1200,3900,,2200,1200,3900,,2000,1100,3800,,1900,<1000 ,3800,,-39,
Gambia,2200,1700,3000,,2200,1600,2900,,2100,1600,2900,,2100,1600,2900,,2100,1600,2900,,2000,1400,2800,,2000,1400,2800,,1900,1400,2700,,1900,1300,2700,,1800,1200,2600,,1700,1200,2600,,1700,1100,2600,,1600,<1000 ,2600,,1500,<1000 ,2500,,-35,
Georgia,<500 ,<500 , <1000,,<1000 ,<500 , <1000,,<1000 ,<1000 , <1000,,<1000 ,<1000 , <1000,,<1000 ,<1000 , <1000,,<1000 ,<1000 , <1000,,<1000 ,<1000 , <1000,,<1000 ,<1000 , <1000,,<1000 ,<1000 , <1000,,<1000 ,<1000 , <1000,,<1000 ,<1000 , <1000,,<1000 ,<1000 , <1000,,<1000 ,<500 , <1000,,<1000 ,<500 , <1000,,6,
Germany,2700,1900,3200,,2500,1800,3000,,2600,1800,3100,,2500,1800,3100,,2600,1800,3100,,2500,1700,3000,,2400,1700,3000,,2200,1500,2800,,2100,1500,2600,,2200,1500,2700,,1800,1300,2300,,1800,1300,2200,,... ,... , ...,,... ,... , ...,,...,
Ghana,22 000 ,17 000 , 27 000,,21 000 ,16 000 , 26 000,,20 000 ,16 000 , 25 000,,21 000 ,16 000 , 26 000,,20 000 ,15 000 , 25 000,,21 000 ,16 000 , 26 000,,21 000 ,16 000 , 26 000,,20 000 ,15 000 , 26 000,,20 000 ,15 000 , 26 000,,20 000 ,15 000 , 26 000,,20 000 ,14 000 , 26 000,,19 000 ,13 000 , 25 000,,18 000 ,12 000 , 25 000,,18 000 ,11 000 , 25 000,,-19,
Greece,<1000 ,<1000 , <1000,,<1000 ,<1000 , <1000,,<1000 ,<1000 , <1000,,<1000 ,<1000 , <1000,,<1000 ,<1000 , <1000,,<1000 ,<1000 , <1000,,<1000 ,<1000 , <1000,,<1000 ,<1000 , <1000,,<1000 ,<1000 , <1000,,<1000 ,<1000 , <1000,,<1000 ,<500 , <1000,,<1000 ,<500 , <1000,,<1000 ,<500 , <1000,,<500 ,<500 , <1000,,-26,
Guatemala,1400,1200,1600,,1100,1000,1400,,1100,<1000 ,1400,,1000,<1000 ,1300,,1100,<1000 ,1300,,1200,<1000 ,1400,,1300,1100,1600,,1400,1200,1600,,1400,1200,1600,,1300,1200,1600,,1400,1300,1600,,1500,1400,1800,,1500,1400,1700,,1500,1500,1800,,13,
Guinea,9100,7700, 11 000,,8700,7100, 11 000,,8300,6800, 10 000,,7600,6000,9600,,8600,6900, 11 000,,8600,6800, 11 000,,8400,6600, 11 000,,8200,6300, 10 000,,8000,6100, 10 000,,6800,5000,8900,,6400,4500,8700,,5800,3900,8000,,5300,3400,7500,,4600,2900,6800,,-49,
Guinea-Bissau,2800,2400,3600,,2600,2200,3200,,2400,1900,3100,,2200,1800,2800,,1900,1500,2500,,1800,1400,2500,,1800,1300,2400,,1700,1200,2400,,1600,1200,2300,,1400,1000,2100,,1300,<1000 ,2000,,1300,<1000 ,2000,,1200,<1000 ,1800,,1100,<1000 ,1700,,-61,
Guyana,<500 ,<500 , <1000,,<500 ,<500 , <1000,,<500 ,<500 , <1000,,<500 ,<500 , <1000,,<500 ,<500 , <1000,,<500 ,<500 , <1000,,<500 ,<500 , <1000,,<500 ,<500 , <1000,,<1000 ,<500 , <1000,,<1000 ,<500 ,1000,,<1000 ,<500 , <1000,,<1000 ,<500 , <1000,,<1000 ,<500 , <1000,,<1000 ,<500 ,1000,,19,
Haiti,8500,7200, 10 000,,8100,6800,9900,,7900,6500,9500,,8000,6500,9700,,8100,6600, 10 000,,8200,6700, 10 000,,8200,6700, 10 000,,7900,6300, 10 000,,7300,5700,9800,,6800,5100,9200,,6300,4700,8700,,5900,4200,8300,,5700,4000,8200,,5600,3700,8400,,-34,
Honduras,<1000 ,<500 , <1000,,<1000 ,<500 , <1000,,<1000 ,<500 , <1000,,<1000 ,<500 , <1000,,<1000 ,<500 , <1000,,<1000 ,<500 , <1000,,<1000 ,<500 , <1000,,<1000 ,<500 , <1000,,<1000 ,<500 , <1000,,<1000 ,<500 , <1000,,<1000 ,<500 , <1000,,<1000 ,<500 , <1000,,<1000 ,<500 , <1000,,<1000 ,<500 , <1000,,-8,
Hungary,... ,... , ...,Estimates were not available at the time of publication.,... ,... , ...,Estimates were not available at the time of publication.,... ,... , ...,Estimates were not available at the time of publication.,... ,... , ...,Estimates were not available at the time of publication.,... ,... , ...,Estimates were not available at the time of publication.,... ,... , ...,Estimates were not available at the time of publication.,... ,... , ...,Estimates were not available at the time of publication.,... ,... , ...,Estimates were not available at the time of publication.,... ,... , ...,Estimates were not available at the time of publication.,... ,... , ...,Estimates were not available at the time of publication.,... ,... , ...,Estimates were not available at the time of publication.,... ,... , ...,Estimates were not available at the time of publication.,... ,... , ...,Estimates were not available at the time of publication.,... ,... , ...,Estimates were not available at the time of publication.,...,Estimates were not available at the time of publication.
Iceland,<100 ,<100 , <100,,<100 ,<100 , <100,,<100 ,<100 , <100,,<100 ,<100 , <100,,<100 ,<100 , <100,,<100 ,<100 , <100,,<100 ,<100 , <100,,<100 ,<100 , <100,,<100 ,<100 , <100,,<100 ,<100 , <100,,<100 ,<100 , <100,,<100 ,<100 , <100,,<100 ,<100 , <100,,<100 ,<100 , <100,,-25,
India,,,,,,,,,,,,,,,,,,,,,,,,,,,,,,,,,,,,,,,,,,,,,,,,,,,,,68 000 ,46 000 , 110 000,,-44,
Indonesia,50 000 ,44 000 , 54 000,,49 000 ,44 000 , 54 000,,48 000 ,43 000 , 52 000,,45 000 ,41 000 , 50 000,,43 000 ,39 000 , 47 000,,41 000 ,37 000 , 45 000,,39 000 ,36 000 , 43 000,,38 000 ,34 000 , 41 000,,36 000 ,32 000 , 39 000,,34 000 ,30 000 , 37 000,,32 000 ,29 000 , 35 000,,31 000 ,28 000 , 34 000,,29 000 ,26 000 , 32 000,,28 000 ,25 000 , 30 000,,-44,
Iran (Islamic Republic of),3400,1500,6800,,2900,1200,6800,,2300,<1000 ,6100,,2100,<1000 ,5900,,1900,<1000 ,5600,,2000,<1000 ,5400,,2100,1000,5400,,2000,<1000 ,5100,,2000,<1000 ,5100,,2100,<1000 ,5600,,2200,1100,5900,,2300,1100,5900,,2500,1200,6400,,2600,1300,6500,,-22,
Iraq,... ,... , ...,,... ,... , ...,,... ,... , ...,,... ,... , ...,,... ,... , ...,,... ,... , ...,,... ,... , ...,,... ,... , ...,,... ,... , ...,,... ,... , ...,,... ,... , ...,,... ,... , ...,,... ,... , ...,,... ,... , ...,,...,
Ireland,<500 ,<500 , <500,,<500 ,<500 , <500,,<500 ,<500 , <500,,<500 ,<500 , <500,,<500 ,<500 , <500,,<500 ,<500 , <500,,<500 ,<200 , <500,,<500 ,<200 , <500,,<500 ,<200 , <500,,<500 ,<200 , <500,,<500 ,<200 , <500,,<200 ,<200 , <500,,<200 ,<200 , <500,,<200 ,<200 , <500,,-37,
Israel,<500 ,<500 , <500,,<500 ,<500 , <500,,<500 ,<500 , <500,,<500 ,<500 , <500,,<500 ,<500 , <500,,<500 ,<500 , <500,,<500 ,<500 , <500,,<500 ,<500 , <500,,<500 ,<500 , <500,,<500 ,<500 , <500,,<500 ,<500 , <500,,<500 ,<200 , <500,,<500 ,<200 , <500,,<500 ,<200 , <500,,-8,
Italy,4200,3400,4800,,4100,3300,4700,,4000,3200,4600,,3800,3000,4500,,3700,2900,4400,,3500,2800,4200,,3400,2600,4000,,3200,2400,3900,,2800,2100,3500,,2500,1800,3100,,2200,1600,2700,,2000,1400,2500,,1800,1300,2200,,1700,1200,2100,,-60,
Jamaica,1300,1100,1600,,1300,1100,1600,,1300,1100,1500,,1200,1000,1500,,1100,<1000 ,1300,,1100,<1000 ,1300,,1100,<1000 ,1300,,1100,<1000 ,1300,,1200,<1000 ,1500,,1200,<1000 ,1500,,1200,<1000 ,1500,,1300,<1000 ,1600,,1200,<1000 ,1500,,1200,<1000 ,1600,,-10,
Japan,... ,... , ...,Estimates were not available at the time of publication.,... ,... , ...,Estimates were not available at the time of publication.,... ,... , ...,Estimates were not available at the time of publication.,... ,... , ...,Estimates were not available at the time of publication.,... ,... , ...,Estimates were not available at the time of publication.,... ,... , ...,Estimates were not available at the time of publication.,... ,... , ...,Estimates were not available at the time of publication.,... ,... , ...,Estimates were not available at the time of publication.,... ,... , ...,Estimates were not available at the time of publication.,... ,... , ...,Estimates were not available at the time of publication.,... ,... , ...,Estimates were not available at the time of publication.,... ,... , ...,Estimates were not available at the time of publication.,... ,... , ...,Estimates were not available at the time of publication.,... ,... , ...,Estimates were not available at the time of publication.,...,Estimates were not available at the time of publication.
Jordan,<100 ,<100 , <100,,<100 ,<100 , <100,,<100 ,<100 , <100,,<100 ,<100 , <100,,<100 ,<100 , <100,,<100 ,<100 , <100,,<100 ,<100 , <100,,<100 ,<100 , <100,,<100 ,<100 , <100,,<100 ,<100 , <100,,<100 ,<100 , <100,,<100 ,<100 , <100,,<100 ,<100 , <100,,<100 ,<100 , <100,,71,
Kazakhstan,2500,2200,2800,,2700,2400,3100,,2800,2500,3200,,2900,2600,3400,,2900,2500,3300,,2800,2400,3300,,2800,2400,3200,,2700,2200,3200,,2300,1700,2900,,2200,1500,2800,,2100,1500,2800,,2200,1700,3000,,2300,1700,3100,,2300,1600,3100,,-8,
Kenya,76 000 ,43 000 , 130 000,,68 000 ,39 000 , 120 000,,67 000 ,38 000 , 110 000,,63 000 ,35 000 , 110 000,,57 000 ,32 000 , 97 000,,47 000 ,27 000 , 80 000,,41 000 ,23 000 , 70 000,,36 000 ,21 000 , 62 000,,32 000 ,18 000 , 53 000,,30 000 ,17 000 , 51 000,,29 000 ,16 000 , 49 000,,25 000 ,14 000 , 42 000,,21 000 ,12 000 , 36 000,,17 000 ,9600, 29 000,,-78,
Kuwait,<100 ,<100 , <100,,<100 ,<100 , <100,,<100 ,<100 , <100,,<100 ,<100 , <100,,<100 ,<100 , <100,,<100 ,<100 , <100,,<100 ,<100 , <100,,<100 ,<100 , <100,,<100 ,<100 , <100,,<100 ,<100 , <200,,<100 ,<100 , <200,,<200 ,<100 , <200,,<200 ,<200 , <500,,<200 ,<200 , <500,,1339,
Kyrgyzstan,<1000 ,<1000 , <1000,,<1000 ,<1000 , <1000,,<1000 ,<1000 , <1000,,<1000 ,<1000 , <1000,,<1000 ,<1000 , <1000,,<1000 ,<1000 , <1000,,<1000 ,<1000 , <1000,,<1000 ,<1000 , <1000,,<1000 ,<1000 , <1000,,<1000 ,<1000 , <1000,,<1000 ,<1000 , <1000,,<1000 ,<1000 , <1000,,<1000 ,<1000 , <1000,,<1000 ,<1000 , <1000,,10,
Lao People's Democratic Republic,1100,<1000 ,1200,,1100,<1000 ,1200,,1100,<1000 ,1200,,1100,1000,1200,,1200,1000,1300,,1200,1000,1300,,1200,1100,1300,,1200,1100,1300,,1200,1100,1400,,1200,1100,1400,,1200,1100,1400,,1300,1100,1400,,1300,1200,1500,,1300,1200,1500,,23,
Latvia,<500 ,<500 , <500,,<500 ,<500 , <1000,,<500 ,<500 , <1000,,<500 ,<500 , <1000,,<500 ,<500 , <1000,,<500 ,<500 , <1000,,<500 ,<500 , <1000,,<500 ,<500 , <1000,,<500 ,<500 , <1000,,<500 ,<500 , <500,,<500 ,<500 , <500,,<500 ,<500 , <500,,<500 ,<500 , <500,,<500 ,<500 , <500,,-38,
Lebanon,<200 ,<200 , <200,,<200 ,<200 , <200,,<200 ,<200 , <200,,<200 ,<200 , <500,,<500 ,<200 , <500,,<500 ,<500 , <500,,<500 ,<500 , <500,,<500 ,<500 , <500,,<500 ,<500 , <500,,<500 ,<500 , <500,,<500 ,<200 , <500,,<500 ,<500 , <500,,<500 ,<500 , <500,,<500 ,<500 , <500,,79,
Lesotho,19 000 ,16 000 , 22 000,,18 000 ,15 000 , 21 000,,17 000 ,15 000 , 20 000,,17 000 ,15 000 , 20 000,,16 000 ,13 000 , 19 000,,14 000 ,12 000 , 17 000,,12 000 ,10 000 , 15 000,,10 000 ,8700, 13 000,,8600,6900, 11 000,,7800,6300,9900,,6500,5200,8400,,6100,4700,7800,,5100,3700,6700,,4800,3500,6500,,-74,
Liberia,2600,2000,3400,,2500,1900,3300,,2400,1800,3300,,2400,1900,3300,,2300,1800,3200,,2000,1500,2900,,1900,1400,2700,,1700,1200,2600,,1500,1000,2300,,1400,<1000 ,2200,,1400,<1000 ,2100,,1100,<1000 ,1900,,<1000 ,<1000 ,1800,,<1000 ,<500 ,1500,,-69,
Libya,... ,... , ...,,... ,... , ...,,... ,... , ...,,... ,... , ...,,... ,... , ...,,... ,... , ...,,... ,... , ...,,... ,... , ...,,... ,... , ...,,... ,... , ...,,... ,... , ...,,... ,... , ...,,... ,... , ...,,... ,... , ...,,...,
Lithuania,<500 ,<500 , <500,,<500 ,<500 , <500,,<500 ,<500 , <500,,<500 ,<500 , <500,,<500 ,<500 , <500,,<500 ,<200 , <500,,<500 ,<200 , <500,,<500 ,<200 , <500,,<500 ,<200 , <500,,<500 ,<200 , <500,,<500 ,<200 , <500,,<200 ,<200 , <500,,<200 ,<100 , <500,,<200 ,<100 , <500,,-33,
Luxembourg,<100 ,<100 , <100,,<100 ,<100 , <100,,<100 ,<100 , <100,,<100 ,<100 , <100,,<100 ,<100 , <100,,<100 ,<100 , <100,,<100 ,<100 , <100,,<100 ,<100 , <100,,<100 ,<100 , <100,,<100 ,<100 , <100,,<100 ,<100 , <100,,<100 ,<100 , <100,,<100 ,<100 , <100,,<100 ,<100 , <100,,17,
Madagascar,... ,... , ...,,... ,... , ...,,... ,... , ...,,... ,... , ...,,... ,... , ...,,... ,... , ...,,... ,... , ...,,... ,... , ...,,... ,... , ...,,... ,... , ...,,... ,... , ...,,... ,... , ...,,... ,... , ...,,... ,... , ...,,...,
Malawi,58 000 ,51 000 , 67 000,,54 000 ,48 000 , 63 000,,50 000 ,44 000 , 58 000,,46 000 ,41 000 , 54 000,,43 000 ,38 000 , 51 000,,39 000 ,34 000 , 47 000,,34 000 ,30 000 , 43 000,,29 000 ,24 000 , 37 000,,23 000 ,19 000 , 31 000,,20 000 ,16 000 , 28 000,,17 000 ,13 000 , 26 000,,15 000 ,11 000 , 23 000,,13 000 ,9600, 21 000,,12 000 ,8100, 19 000,,-79,
Malaysia,5800,5300,6300,,5800,5200,6300,,5700,5200,6200,,5500,5000,6000,,5100,4700,5600,,4700,4300,5200,,4200,3800,4600,,3800,3400,4100,,3500,3200,3900,,3400,3000,3700,,3200,2800,3500,,3100,2700,3400,,3000,2700,3300,,2900,2600,3200,,-50,
Maldives,... ,... , ...,Estimates were not available at the time of publication.,... ,... , ...,Estimates were not available at the time of publication.,... ,... , ...,Estimates were not available at the time of publication.,... ,... , ...,Estimates were not available at the time of publication.,... ,... , ...,Estimates were not available at the time of publication.,... ,... , ...,Estimates were not available at the time of publication.,... ,... , ...,Estimates were not available at the time of publication.,... ,... , ...,Estimates were not available at the time of publication.,... ,... , ...,Estimates were not available at the time of publication.,... ,... , ...,Estimates were not available at the time of publication.,... ,... , ...,Estimates were not available at the time of publication.,... ,... , ...,Estimates were not available at the time of publication.,... ,... , ...,Estimates were not available at the time of publication.,... ,... , ...,Estimates were not available at the time of publication.,...,Estimates were not available at the time of publication.
Mali,8600,6300, 11 000,,8000,5800, 10 000,,7900,5800, 10 000,,8200,6100, 11 000,,7900,5900, 10 000,,7800,5800, 10 000,,7600,5500, 10 000,,7400,5300, 10 000,,7100,4900,9600,,7000,4900,9700,,6800,4600,9600,,6300,4200,9000,,6200,4100,9100,,5500,3500,8300,,-36,
Malta,<100 ,<100 , <100,,<100 ,<100 , <100,,<100 ,<100 , <100,,<100 ,<100 , <100,,<100 ,<100 , <100,,<100 ,<100 , <100,,<100 ,<100 , <100,,<100 ,<100 , <100,,<100 ,<100 , <100,,<100 ,<100 , <100,,<100 ,<100 , <100,,<100 ,<100 , <100,,<100 ,<100 , <100,,<100 ,<100 , <100,,66,
Mauritania,<500 ,<200 , <1000,,<500 ,<200 , <500,,<500 ,<200 , <500,,<500 ,<200 , <500,,<500 ,<100 , <500,,<500 ,<100 , <500,,<500 ,<200 , <500,,<500 ,<200 , <500,,<500 ,<200 , <500,,<500 ,<200 , <500,,<500 ,<200 , <500,,<500 ,<200 , <500,,<500 ,<500 , <500,,<500 ,<200 , <500,,-11,
Mauritius,<1000 ,<1000 ,1200,,<1000 ,<1000 ,1200,,<1000 ,<1000 ,1100,,<1000 ,<1000 ,1100,,<1000 ,<1000 ,1100,,<1000 ,<1000 ,1100,,<1000 ,<1000 ,1100,,<1000 ,<1000 ,1100,,<1000 ,<1000 ,1200,,<1000 ,<1000 ,1200,,<1000 ,<1000 ,1200,,1000,<1000 ,1200,,1000,<1000 ,1300,,1100,<1000 ,1400,,11,
Mexico,18 000 ,15 000 , 19 000,,18 000 ,16 000 , 20 000,,19 000 ,16 000 , 21 000,,20 000 ,17 000 , 22 000,,20 000 ,17 000 , 23 000,,21 000 ,18 000 , 24 000,,21 000 ,18 000 , 24 000,,21 000 ,17 000 , 25 000,,21 000 ,18 000 , 25 000,,21 000 ,17 000 , 25 000,,21 000 ,17 000 , 26 000,,20 000 ,16 000 , 25 000,,19 000 ,15 000 , 25 000,,19 000 ,15 000 , 26 000,,9,
Mongolia,<100 ,<100 , <100,,<100 ,<100 , <100,,<100 ,<100 , <100,,<100 ,<100 , <100,,<100 ,<100 , <100,,<100 ,<100 , <100,,<100 ,<100 , <100,,<100 ,<100 , <100,,<100 ,<100 , <100,,<100 ,<100 , <100,,<100 ,<100 , <100,,<100 ,<100 , <100,,<100 ,<100 , <100,,<100 ,<100 , <100,,-5,
Montenegro,<100 ,<100 , <100,,<100 ,<100 , <100,,<100 ,<100 , <100,,<100 ,<100 , <100,,<100 ,<100 , <100,,<100 ,<100 , <100,,<100 ,<100 , <100,,<100 ,<100 , <100,,<100 ,<100 , <100,,<100 ,<100 , <100,,<100 ,<100 , <100,,<100 ,<100 , <100,,<100 ,<100 , <100,,<100 ,<100 , <100,,17,
Morocco,1500,1300,1700,,1500,1300,1700,,1300,1200,1600,,1200,1100,1500,,1200,1000,1400,,1200,<1000 ,1400,,1100,<1000 ,1400,,1100,<1000 ,1400,,1100,<1000 ,1400,,1000,<1000 ,1300,,1000,<1000 ,1300,,1000,<1000 ,1300,,<1000 ,<1000 ,1300,,<1000 ,<1000 ,1300,,-35,
Mozambique,160 000 ,150 000 , 180 000,,160 000 ,140 000 , 180 000,,160 000 ,140 000 , 170 000,,160 000 ,140 000 , 170 000,,150 000 ,130 000 , 170 000,,140 000 ,130 000 , 160 000,,140 000 ,120 000 , 160 000,,130 000 ,120 000 , 150 000,,130 000 ,110 000 , 150 000,,130 000 ,110 000 , 150 000,,130 000 ,110 000 , 150 000,,110 000 ,95 000 , 130 000,,93 000 ,75 000 , 110 000,,81 000 ,63 000 , 100 000,,-50,
Myanmar,17 000 ,15 000 , 19 000,,17 000 ,15 000 , 18 000,,16 000 ,15 000 , 18 000,,16 000 ,14 000 , 18 000,,15 000 ,14 000 , 17 000,,15 000 ,13 000 , 16 000,,14 000 ,12 000 , 15 000,,13 000 ,11 000 , 14 000,,12 000 ,11 000 , 13 000,,11 000 ,9700, 12 000,,10 000 ,9100, 11 000,,11 000 ,9800, 12 000,,11 000 ,9800, 12 000,,10 000 ,9200, 11 000,,-39,
Namibia,13 000 ,12 000 , 15 000,,13 000 ,11 000 , 15 000,,12 000 ,11 000 , 14 000,,11 000 ,9600, 13 000,,10 000 ,8500, 12 000,,9200,7700, 11 000,,8900,7400, 11 000,,8100,6600, 10 000,,7500,6200,9500,,6700,5400,8600,,6100,4800,7800,,6500,5300,8400,,6100,4800,7800,,6000,4900,7600,,-54,
Nepal,2100,1900,2400,,1900,1700,2100,,1700,1500,1800,,1500,1300,1600,,1300,1200,1500,,1200,1100,1300,,1100,<1000 ,1200,,<1000 ,<1000 ,1000,,<1000 ,<1000 , <1000,,<1000 ,<1000 , <1000,,<1000 ,<1000 , <1000,,<1000 ,<1000 , <1000,,<1000 ,<500 , <1000,,<500 ,<500 , <500,,-79,
Netherlands,<1000 ,<1000 , <1000,,<1000 ,<1000 , <1000,,<1000 ,<1000 , <1000,,<1000 ,<1000 , <1000,,<1000 ,<1000 , <1000,,<1000 ,<1000 , <1000,,<1000 ,<1000 , <1000,,<1000 ,<500 , <1000,,<500 ,<500 , <1000,,<500 ,<500 , <1000,,<500 ,<200 , <1000,,<500 ,<100 , <500,,<200 ,<100 , <500,,... ,... , ...,,...,
New Zealand,<200 ,<200 , <200,,<200 ,<200 , <200,,<200 ,<200 , <200,,<200 ,<200 , <200,,<200 ,<200 , <200,,<200 ,<200 , <200,,<200 ,<100 , <200,,<200 ,<100 , <200,,<100 ,<100 , <200,,<100 ,<100 , <200,,<100 ,<100 , <200,,<100 ,<100 , <200,,<100 ,<100 , <100,,<100 ,<100 , <100,,-77,
Nicaragua,<1000 ,<500 , <1000,,<1000 ,<500 , <1000,,<500 ,<500 , <1000,,<500 ,<500 , <1000,,<500 ,<500 , <1000,,<500 ,<500 , <1000,,<1000 ,<500 , <1000,,<1000 ,<500 , <1000,,<1000 ,<500 , <1000,,<1000 ,<500 , <1000,,<1000 ,<500 , <1000,,<1000 ,<500 ,1100,,<1000 ,<500 ,1100,,<1000 ,<500 ,1100,,25,
Niger,<1000 ,<1000 ,1300,,<1000 ,<1000 ,1400,,<1000 ,<1000 ,1400,,1000,<1000 ,1400,,1100,<1000 ,1400,,1300,<1000 ,1600,,1200,<1000 ,1500,,1400,1100,1700,,1400,1200,1700,,1400,1200,1800,,1500,1200,1900,,1500,1200,1800,,1400,1100,1700,,1400,1100,1700,,57,
Nigeria,140 000 ,130 000 , 170 000,,140 000 ,130 000 , 170 000,,130 000 ,120 000 , 160 000,,120 000 ,110 000 , 140 000,,110 000 ,99 000 , 140 000,,110 000 ,97 000 , 140 000,,110 000 ,92 000 , 130 000,,110 000 ,90 000 , 130 000,,100 000 ,90 000 , 130 000,,110 000 ,89 000 , 130 000,,100 000 ,83 000 , 120 000,,92 000 ,74 000 , 120 000,,83 000 ,66 000 , 110 000,,75 000 ,59 000 , 96 000,,-48,
North Macedonia,<100 ,<100 , <100,,<100 ,<100 , <100,,<100 ,<100 , <100,,<100 ,<100 , <100,,<100 ,<100 , <100,,<100 ,<100 , <100,,<100 ,<100 , <100,,<100 ,<100 , <100,,<100 ,<100 , <100,,<100 ,<100 , <100,,<100 ,<100 , <100,,<100 ,<100 , <100,,<100 ,<100 , <100,,<100 ,<100 , <100,,35,
Norway,... ,... , ...,Estimates were not available at the time of publication.,... ,... , ...,Estimates were not available at the time of publication.,... ,... , ...,Estimates were not available at the time of publication.,... ,... , ...,Estimates were not available at the time of publication.,... ,... , ...,Estimates were not available at the time of publication.,... ,... , ...,Estimates were not available at the time of publication.,... ,... , ...,Estimates were not available at the time of publication.,... ,... , ...,Estimates were not available at the time of publication.,... ,... , ...,Estimates were not available at the time of publication.,... ,... , ...,Estimates were not available at the time of publication.,... ,... , ...,Estimates were not available at the time of publication.,... ,... , ...,Estimates were not available at the time of publication.,... ,... , ...,Estimates were not available at the time of publication.,... ,... , ...,Estimates were not available at the time of publication.,...,Estimates were not available at the time of publication.
Oman,<100 ,<100 , <200,,<200 ,<100 , <200,,<200 ,<200 , <200,,<200 ,<200 , <200,,<200 ,<200 , <200,,<200 ,<200 , <200,,<200 ,<200 , <200,,<200 ,<200 , <200,,<200 ,<200 , <200,,<200 ,<200 , <200,,<200 ,<200 , <200,,<200 ,<100 , <200,,<200 ,<100 , <200,,<200 ,<100 , <200,,12,
Pakistan,... ,... , ...,,... ,... , ...,,... ,... , ...,,... ,... , ...,,... ,... , ...,,... ,... , ...,,... ,... , ...,,... ,... , ...,,... ,... , ...,,... ,... , ...,,... ,... , ...,,... ,... , ...,,... ,... , ...,,... ,... , ...,,...,
Panama,1300,1200,1400,,1300,1200,1400,,1400,1200,1500,,1400,1200,1500,,1400,1200,1500,,1400,1200,1500,,1400,1200,1600,,1400,1200,1600,,1500,1200,1600,,1500,1300,1600,,1500,1300,1700,,1500,1300,1700,,1500,1300,1700,,1500,1300,1700,,16,
Papua New Guinea,3300,2900,3800,,3400,3000,4000,,3400,3000,4000,,3400,3000,4000,,3400,3000,4000,,3500,3200,4200,,3800,3400,4500,,4100,3600,4800,,4600,4100,5500,,4900,4200,5800,,5400,4700,6500,,5800,4800,7100,,6200,5100,7600,,6700,5400,8600,,104,
Paraguay,1100,<1000 ,1400,,1100,<1000 ,1400,,1200,<1000 ,1500,,1200,<1000 ,1500,,1200,<1000 ,1600,,1200,<1000 ,1600,,1300,<1000 ,1700,,1300,<1000 ,1700,,1300,<1000 ,1800,,1300,<1000 ,1900,,1300,<1000 ,1900,,1300,<1000 ,1900,,1400,<1000 ,2100,,1400,<1000 ,2100,,23,
Peru,3500,2800,4300,,3400,2800,4300,,3600,2900,4600,,3900,3100,4900,,4200,3400,5400,,4700,3800,6000,,5200,4300,6500,,5500,4500,7000,,5700,4600,7300,,6000,4800,7700,,6200,4900,8000,,6500,5200,8400,,6400,5000,8400,,6300,4800,8400,,81,
Philippines,4400,3700,5100,,5300,4400,6100,,6300,5300,7300,,7500,6200,8600,,8600,7200, 10 000,,9900,8200, 11 000,,11 000 ,9400, 13 000,,13 000 ,11 000 , 15 000,,15 000 ,12 000 , 17 000,,17 000 ,14 000 , 19 000,,19 000 ,15 000 , 22 000,,22 000 ,18 000 , 25 000,,25 000 ,21 000 , 29 000,,29 000 ,24 000 , 33 000,,543,
Poland,... ,... , ...,Estimates were not available at the time of publication.,... ,... , ...,Estimates were not available at the time of publication.,... ,... , ...,Estimates were not available at the time of publication.,... ,... , ...,Estimates were not available at the time of publication.,... ,... , ...,Estimates were not available at the time of publication.,... ,... , ...,Estimates were not available at the time of publication.,... ,... , ...,Estimates were not available at the time of publication.,... ,... , ...,Estimates were not available at the time of publication.,... ,... , ...,Estimates were not available at the time of publication.,... ,... , ...,Estimates were not available at the time of publication.,... ,... , ...,Estimates were not available at the time of publication.,... ,... , ...,Estimates were not available at the time of publication.,... ,... , ...,Estimates were not available at the time of publication.,... ,... , ...,Estimates were not available at the time of publication.,...,Estimates were not available at the time of publication.
Portugal,1600,1300,1800,,1500,1200,1700,,1400,1200,1600,,1300,1100,1500,,1200,<1000 ,1400,,1100,<1000 ,1300,,1100,<1000 ,1200,,<1000 ,<1000 ,1100,,<1000 ,<1000 ,1000,,<1000 ,<1000 , <1000,,<1000 ,<1000 , <1000,,<1000 ,<500 , <1000,,<1000 ,<500 , <1000,,<500 ,<500 , <1000,,-71,
Qatar,<100 ,<100 , <100,,<100 ,<100 , <100,,<100 ,<100 , <100,,<100 ,<100 , <100,,<100 ,<100 , <100,,<100 ,<100 , <100,,<100 ,<100 , <100,,<100 ,<100 , <100,,<100 ,<100 , <100,,<100 ,<100 , <200,,<100 ,<100 , <200,,<100 ,<100 , <200,,<200 ,<100 , <200,,<200 ,<100 , <200,,585,
Republic of Korea,... ,... , ...,Estimates were not available at the time of publication.,... ,... , ...,Estimates were not available at the time of publication.,... ,... , ...,Estimates were not available at the time of publication.,... ,... , ...,Estimates were not available at the time of publication.,... ,... , ...,Estimates were not available at the time of publication.,... ,... , ...,Estimates were not available at the time of publication.,... ,... , ...,Estimates were not available at the time of publication.,... ,... , ...,Estimates were not available at the time of publication.,... ,... , ...,Estimates were not available at the time of publication.,... ,... , ...,Estimates were not available at the time of publication.,... ,... , ...,Estimates were not available at the time of publication.,... ,... , ...,Estimates were not available at the time of publication.,... ,... , ...,Estimates were not available at the time of publication.,... ,... , ...,Estimates were not available at the time of publication.,...,Estimates were not available at the time of publication.
Republic of Moldova,1600,1100,2300,,1500,1100,2100,,1400,1000,2000,,1400,<1000 ,2000,,1300,<1000 ,1800,,1200,<1000 ,1800,,1200,<1000 ,1700,,1100,<1000 ,1600,,1100,<1000 ,1500,,<1000 ,<1000 ,1400,,<1000 ,<1000 ,1400,,<1000 ,<1000 ,1400,,<1000 ,<1000 ,1300,,<1000 ,<1000 ,1300,,-43,
Romania,<1000 ,<500 , <1000,,<1000 ,<500 , <1000,,<1000 ,<500 , <1000,,<1000 ,<500 , <1000,,<1000 ,<500 , <1000,,<1000 ,<500 , <1000,,<1000 ,<500 , <1000,,<1000 ,<500 , <1000,,<1000 ,<500 , <1000,,<1000 ,<500 , <1000,,<500 ,<500 , <1000,,<500 ,<500 , <1000,,<500 ,<500 , <1000,,<500 ,<500 , <1000,,-14,
Russian Federation,... ,... , ...,Estimates were not available at the time of publication.,... ,... , ...,Estimates were not available at the time of publication.,... ,... , ...,Estimates were not available at the time of publication.,... ,... , ...,Estimates were not available at the time of publication.,... ,... , ...,Estimates were not available at the time of publication.,... ,... , ...,Estimates were not available at the time of publication.,... ,... , ...,Estimates were not available at the time of publication.,... ,... , ...,Estimates were not available at the time of publication.,... ,... , ...,Estimates were not available at the time of publication.,... ,... , ...,Estimates were not available at the time of publication.,... ,... , ...,Estimates were not available at the time of publication.,... ,... , ...,Estimates were not available at the time of publication.,... ,... , ...,Estimates were not available at the time of publication.,... ,... , ...,Estimates were not available at the time of publication.,...,Estimates were not available at the time of publication.
Rwanda,11 000 ,9000, 14 000,,9400,7400, 13 000,,9200,7300, 13 000,,8300,6500, 12 000,,7500,5700, 11 000,,6700,4900,9600,,5600,4100,8400,,5000,3700,7500,,4300,3000,6400,,3600,2400,5500,,3200,2100,5100,,3800,2600,5700,,3200,2200,5000,,3200,2300,4800,,-71,
Saint Kitts and Nevis,<100 ,<100 , <100,Countries with a UNAIDS-approved estimate and population <250 000 in 2021; not included in regional or global totals.,<100 ,<100 , <100,Countries with a UNAIDS-approved estimate and population <250 000 in 2021; not included in regional or global totals.,<100 ,<100 , <100,Countries with a UNAIDS-approved estimate and population <250 000 in 2021; not included in regional or global totals.,<100 ,<100 , <100,Countries with a UNAIDS-approved estimate and population <250 000 in 2021; not included in regional or global totals.,<100 ,<100 , <100,Countries with a UNAIDS-approved estimate and population <250 000 in 2021; not included in regional or global totals.,<100 ,<100 , <100,Countries with a UNAIDS-approved estimate and population <250 000 in 2021; not included in regional or global totals.,<100 ,<100 , <100,Countries with a UNAIDS-approved estimate and population <250 000 in 2021; not included in regional or global totals.,<100 ,<100 , <100,Countries with a UNAIDS-approved estimate and population <250 000 in 2021; not included in regional or global totals.,<100 ,<100 , <100,Countries with a UNAIDS-approved estimate and population <250 000 in 2021; not included in regional or global totals.,<100 ,<100 , <100,Countries with a UNAIDS-approved estimate and population <250 000 in 2021; not included in regional or global totals.,<100 ,<100 , <100,Countries with a UNAIDS-approved estimate and population <250 000 in 2021; not included in regional or global totals.,<100 ,<100 , <100,Countries with a UNAIDS-approved estimate and population <250 000 in 2021; not included in regional or global totals.,<100 ,<100 , <100,Countries with a UNAIDS-approved estimate and population <250 000 in 2021; not included in regional or global totals.,<100 ,<100 , <100,Countries with a UNAIDS-approved estimate and population <250 000 in 2021; not included in regional or global totals.,5,Countries with a UNAIDS-approved estimate and population <250 000 in 2021; not included in regional or global totals.
Saint Lucia,<100 ,<100 , <100,Countries with a UNAIDS-approved estimate and population <250 000 in 2021; not included in regional or global totals.,<100 ,<100 , <100,Countries with a UNAIDS-approved estimate and population <250 000 in 2021; not included in regional or global totals.,<100 ,<100 , <100,Countries with a UNAIDS-approved estimate and population <250 000 in 2021; not included in regional or global totals.,<100 ,<100 , <100,Countries with a UNAIDS-approved estimate and population <250 000 in 2021; not included in regional or global totals.,<100 ,<100 , <100,Countries with a UNAIDS-approved estimate and population <250 000 in 2021; not included in regional or global totals.,<100 ,<100 , <100,Countries with a UNAIDS-approved estimate and population <250 000 in 2021; not included in regional or global totals.,<100 ,<100 , <100,Countries with a UNAIDS-approved estimate and population <250 000 in 2021; not included in regional or global totals.,<100 ,<100 , <100,Countries with a UNAIDS-approved estimate and population <250 000 in 2021; not included in regional or global totals.,<100 ,<100 , <100,Countries with a UNAIDS-approved estimate and population <250 000 in 2021; not included in regional or global totals.,<100 ,<100 , <100,Countries with a UNAIDS-approved estimate and population <250 000 in 2021; not included in regional or global totals.,<100 ,<100 , <100,Countries with a UNAIDS-approved estimate and population <250 000 in 2021; not included in regional or global totals.,<100 ,<100 , <100,Countries with a UNAIDS-approved estimate and population <250 000 in 2021; not included in regional or global totals.,<100 ,<100 , <100,Countries with a UNAIDS-approved estimate and population <250 000 in 2021; not included in regional or global totals.,<100 ,<100 , <100,Countries with a UNAIDS-approved estimate and population <250 000 in 2021; not included in regional or global totals.,-41,Countries with a UNAIDS-approved estimate and population <250 000 in 2021; not included in regional or global totals.
Sao Tome and Principe,... ,... , ...,Estimates were not available at the time of publication.,... ,... , ...,Estimates were not available at the time of publication.,... ,... , ...,Estimates were not available at the time of publication.,... ,... , ...,Estimates were not available at the time of publication.,... ,... , ...,Estimates were not available at the time of publication.,... ,... , ...,Estimates were not available at the time of publication.,... ,... , ...,Estimates were not available at the time of publication.,... ,... , ...,Estimates were not available at the time of publication.,... ,... , ...,Estimates were not available at the time of publication.,... ,... , ...,Estimates were not available at the time of publication.,... ,... , ...,Estimates were not available at the time of publication.,... ,... , ...,Estimates were not available at the time of publication.,... ,... , ...,Estimates were not available at the time of publication.,... ,... , ...,Estimates were not available at the time of publication.,...,Estimates were not available at the time of publication.
Saudi Arabia,<100 ,<100 , <200,,<200 ,<200 , <200,,<200 ,<200 , <200,,<200 ,<200 , <200,,<500 ,<200 , <500,,<500 ,<500 , <500,,<500 ,<500 , <500,,<500 ,<500 , <500,,<500 ,<500 , <1000,,<1000 ,<1000 , <1000,,<1000 ,<1000 , <1000,,<1000 ,<1000 ,1200,,1200,1000,1400,,1500,1300,1800,,1550,
Senegal,2200,1800,2800,,2000,1700,2500,,1900,1600,2500,,1700,1300,2200,,1600,1200,2100,,1400,1100,1900,,1500,1200,1900,,1600,1200,2000,,1600,1300,2100,,1600,1200,2100,,1600,1200,2200,,1900,1500,2600,,2700,2200,3700,,2800,2300,3800,,24,
Serbia,<200 ,<200 , <200,,<200 ,<200 , <200,,<200 ,<200 , <500,,<200 ,<200 , <500,,<200 ,<200 , <500,,<200 ,<200 , <500,,<200 ,<200 , <500,,<200 ,<200 , <500,,<200 ,<200 , <500,,<200 ,<200 , <500,,<200 ,<200 , <500,,<200 ,<200 , <500,,<200 ,<200 , <500,,<200 ,<200 , <500,,22,
Sierra Leone,5500,4700,6600,,5300,4500,6500,,5000,4100,6100,,5100,4100,6300,,5200,4200,6400,,4900,3800,6100,,4700,3600,6000,,4700,3500,6000,,4700,3400,6300,,4800,3500,6600,,4800,3400,6700,,4600,3100,6600,,4000,2400,6200,,3300,1900,5500,,-39,
Singapore,<500 ,<500 , <1000,,<500 ,<500 , <1000,,<500 ,<500 , <1000,,<500 ,<500 , <1000,,<500 ,<500 , <1000,,<500 ,<500 , <1000,,<500 ,<500 , <500,,<500 ,<500 , <500,,<500 ,<500 , <500,,<500 ,<500 , <500,,<500 ,<200 , <500,,<500 ,<200 , <500,,<500 ,<200 , <500,,<200 ,<200 , <500,,-58,
Slovakia,<100 ,<100 , <100,,<100 ,<100 , <100,,<100 ,<100 , <100,,<100 ,<100 , <100,,<100 ,<100 , <200,,<100 ,<100 , <200,,<100 ,<100 , <200,,<200 ,<100 , <200,,<200 ,<100 , <200,,<200 ,<100 , <200,,<200 ,<100 , <200,,<200 ,<100 , <200,,<200 ,<100 , <200,,<200 ,<200 , <200,,160,
Slovenia,<100 ,<100 , <100,,<100 ,<100 , <100,,<100 ,<100 , <100,,<100 ,<100 , <100,,<100 ,<100 , <100,,<100 ,<100 , <100,,<100 ,<100 , <100,,<100 ,<100 , <100,,<100 ,<100 , <100,,<100 ,<100 , <100,,<100 ,<100 , <100,,<100 ,<100 , <100,,... ,... , ...,,... ,... , ...,,...,
Somalia,... ,... , ...,,... ,... , ...,,... ,... , ...,,... ,... , ...,,... ,... , ...,,... ,... , ...,,... ,... , ...,,... ,... , ...,,... ,... , ...,,... ,... , ...,,... ,... , ...,,... ,... , ...,,... ,... , ...,,... ,... , ...,,...,
South Africa,340 000 ,310 000 , 380 000,,310 000 ,280 000 , 350 000,,290 000 ,260 000 , 320 000,,270 000 ,250 000 , 300 000,,260 000 ,230 000 , 290 000,,250 000 ,220 000 , 270 000,,230 000 ,200 000 , 250 000,,210 000 ,190 000 , 230 000,,190 000 ,170 000 , 220 000,,180 000 ,160 000 , 200 000,,170 000 ,150 000 , 190 000,,160 000 ,140 000 , 180 000,,150 000 ,140 000 , 170 000,,150 000 ,130 000 , 170 000,,-58,
South Sudan,15 000 ,11 000 , 19 000,,15 000 ,12 000 , 20 000,,16 000 ,12 000 , 20 000,,16 000 ,12 000 , 20 000,,16 000 ,13 000 , 20 000,,15 000 ,11 000 , 18 000,,14 000 ,11 000 , 18 000,,13 000 ,9500, 16 000,,11 000 ,8100, 14 000,,10 000 ,7300, 13 000,,9300,6600, 13 000,,8800,6300, 12 000,,8600,6000, 12 000,,8100,5400, 12 000,,-45,
Spain,3700,3000,4200,,3700,3100,4400,,3900,3100,4500,,3900,3100,4500,,3900,3100,4500,,3900,3000,4500,,3800,2900,4500,,3700,2800,4400,,3600,2700,4200,,3500,2600,4100,,3300,2400,3900,,3000,2200,3700,,2700,1900,3600,,2400,1700,3400,,-34,
Sri Lanka,<500 ,<500 , <500,,<500 ,<500 , <500,,<500 ,<500 , <500,,<500 ,<500 , <500,,<500 ,<500 , <500,,<500 ,<500 , <500,,<500 ,<500 , <500,,<500 ,<500 , <500,,<500 ,<500 , <500,,<500 ,<500 , <500,,<500 ,<500 , <500,,<500 ,<500 , <500,,<200 ,<200 , <200,,<200 ,<200 , <200,,-54,
Sudan,2800,2100,3800,,2900,2100,4000,,3000,2200,4400,,2900,2100,4300,,3100,2200,4600,,3200,2300,4900,,3400,2400,5300,,3400,2300,5500,,3700,2500,6100,,4000,2600,6600,,4200,2700,7200,,4700,3000,8100,,5400,3400,9400,,5500,3300,9900,,96,
Suriname,<500 ,<500 , <500,,<500 ,<500 , <500,,<500 ,<500 , <500,,<500 ,<500 , <500,,<500 ,<500 , <500,,<500 ,<500 , <500,,<500 ,<500 , <500,,<500 ,<500 , <500,,<500 ,<500 , <1000,,<500 ,<500 , <1000,,<500 ,<500 , <1000,,<500 ,<500 , <1000,,<500 ,<500 , <1000,,<1000 ,<500 , <1000,,32,
Sweden,... ,... , ...,,... ,... , ...,,... ,... , ...,,... ,... , ...,,... ,... , ...,,... ,... , ...,,... ,... , ...,,... ,... , ...,,... ,... , ...,,... ,... , ...,,... ,... , ...,,... ,... , ...,,... ,... , ...,,... ,... , ...,,...,
Switzerland,<500 ,<500 , <1000,,<1000 ,<500 , <1000,,<500 ,<500 , <1000,,<500 ,<500 , <1000,,<500 ,<500 , <1000,,<500 ,<500 , <1000,,<500 ,<500 , <1000,,<500 ,<500 , <500,,<500 ,<500 , <500,,<500 ,<500 , <500,,<500 ,<200 , <500,,<500 ,<200 , <500,,<200 ,<200 , <500,,<200 ,<100 , <500,,-71,
Syrian Arab Republic,<100 ,<100 , <100,,<100 ,<100 , <100,,<100 ,<100 , <100,,<100 ,<100 , <100,,<100 ,<100 , <100,,<100 ,<100 , <100,,<100 ,<100 , <100,,<100 ,<100 , <100,,<100 ,<100 , <100,,<100 ,<100 , <100,,<100 ,<100 , <100,,<100 ,<100 , <100,,<100 ,<100 , <100,,<100 ,<100 , <100,,18,
Tajikistan,1100,<1000 ,1300,,1100,<1000 ,1300,,1100,<1000 ,1300,,1000,<1000 ,1300,,<1000 ,<1000 ,1200,,<1000 ,<1000 ,1100,,<1000 ,<1000 ,1000,,<1000 ,<1000 , <1000,,<1000 ,<500 , <1000,,<1000 ,<500 , <1000,,<1000 ,<500 , <1000,,<1000 ,<500 , <1000,,<500 ,<500 , <1000,,<500 ,<500 , <1000,,-71,
Thailand,18 000 ,16 000 , 19 000,,17 000 ,15 000 , 18 000,,15 000 ,14 000 , 17 000,,15 000 ,13 000 , 16 000,,14 000 ,13 000 , 15 000,,13 000 ,12 000 , 14 000,,12 000 ,11 000 , 13 000,,11 000 ,10 000 , 12 000,,11 000 ,9600, 12 000,,10 000 ,9300, 11 000,,10 000 ,9000, 11 000,,9700,8700, 11 000,,9400,8400, 10 000,,9100,8200, 10 000,,-49,
Timor-Leste,<200 ,<200 , <200,,<200 ,<200 , <200,,<200 ,<200 , <200,,<200 ,<200 , <200,,<200 ,<200 , <200,,<200 ,<200 , <200,,<200 ,<200 , <200,,<200 ,<200 , <200,,<200 ,<200 , <200,,<200 ,<200 , <200,,<200 ,<200 , <200,,<200 ,<200 , <200,,<200 ,<100 , <200,,<200 ,<100 , <200,,-13,
Togo,6600,5300,8800,,5700,4400,7900,,5300,4000,7500,,5200,3900,7300,,4800,3600,6900,,4700,3500,6800,,4200,3100,6100,,4200,3100,6100,,3700,2600,5400,,3200,2300,5000,,2900,1900,4400,,2700,1700,4200,,2600,1500,4300,,2300,1300,4100,,-65,
Trinidad and Tobago,... ,... , ...,Estimates were not available at the time of publication.,... ,... , ...,Estimates were not available at the time of publication.,... ,... , ...,Estimates were not available at the time of publication.,... ,... , ...,Estimates were not available at the time of publication.,... ,... , ...,Estimates were not available at the time of publication.,... ,... , ...,Estimates were not available at the time of publication.,... ,... , ...,Estimates were not available at the time of publication.,... ,... , ...,Estimates were not available at the time of publication.,... ,... , ...,Estimates were not available at the time of publication.,... ,... , ...,Estimates were not available at the time of publication.,... ,... , ...,Estimates were not available at the time of publication.,... ,... , ...,Estimates were not available at the time of publication.,... ,... , ...,Estimates were not available at the time of publication.,... ,... , ...,Estimates were not available at the time of publication.,...,Estimates were not available at the time of publication.
Tunisia,<1000 ,<500 , <1000,,<1000 ,<500 , <1000,,<1000 ,<500 , <1000,,<1000 ,<500 , <1000,,<1000 ,<500 , <1000,,<1000 ,<500 , <1000,,<1000 ,<500 , <1000,,<1000 ,<500 , <1000,,<1000 ,<500 , <1000,,<1000 ,<500 ,1000,,<1000 ,<500 ,1100,,<1000 ,<500 ,1100,,<1000 ,<500 ,1300,,<1000 ,<1000 ,1400,,59,
Turkmenistan,... ,... , ...,Estimates were not available at the time of publication.,... ,... , ...,Estimates were not available at the time of publication.,... ,... , ...,Estimates were not available at the time of publication.,... ,... , ...,Estimates were not available at the time of publication.,... ,... , ...,Estimates were not available at the time of publication.,... ,... , ...,Estimates were not available at the time of publication.,... ,... , ...,Estimates were not available at the time of publication.,... ,... , ...,Estimates were not available at the time of publication.,... ,... , ...,Estimates were not available at the time of publication.,... ,... , ...,Estimates were not available at the time of publication.,... ,... , ...,Estimates were not available at the time of publication.,... ,... , ...,Estimates were not available at the time of publication.,... ,... , ...,Estimates were not available at the time of publication.,... ,... , ...,Estimates were not available at the time of publication.,...,Estimates were not available at the time of publication.
TÃ¼rkiye,... ,... , ...,Estimates were not available at the time of publication.,... ,... , ...,Estimates were not available at the time of publication.,... ,... , ...,Estimates were not available at the time of publication.,... ,... , ...,Estimates were not available at the time of publication.,... ,... , ...,Estimates were not available at the time of publication.,... ,... , ...,Estimates were not available at the time of publication.,... ,... , ...,Estimates were not available at the time of publication.,... ,... , ...,Estimates were not available at the time of publication.,... ,... , ...,Estimates were not available at the time of publication.,... ,... , ...,Estimates were not available at the time of publication.,... ,... , ...,Estimates were not available at the time of publication.,... ,... , ...,Estimates were not available at the time of publication.,... ,... , ...,Estimates were not available at the time of publication.,... ,... , ...,Estimates were not available at the time of publication.,,
Uganda,97 000 ,87 000 , 110 000,,93 000 ,84 000 , 110 000,,87 000 ,77 000 , 100 000,,83 000 ,72 000 , 96 000,,75 000 ,66 000 , 88 000,,71 000 ,62 000 , 85 000,,68 000 ,59 000 , 84 000,,60 000 ,51 000 , 75 000,,52 000 ,43 000 , 66 000,,48 000 ,40 000 , 62 000,,46 000 ,37 000 , 60 000,,45 000 ,36 000 , 61 000,,42 000 ,32 000 , 57 000,,38 000 ,28 000 , 54 000,,-60,
Ukraine,16 000 ,13 000 , 18 000,,15 000 ,13 000 , 18 000,,13 000 ,11 000 , 16 000,,12 000 ,10 000 , 15 000,,11 000 ,9200, 14 000,,11 000 ,8800, 13 000,,10 000 ,8000, 13 000,,9300,7200, 12 000,,8500,6500, 11 000,,7900,5900, 11 000,,7300,5300, 10 000,,7000,5000, 10 000,,... ,... , ...,,... ,... , ...,,...,
United Arab Emirates,... ,... , ...,,... ,... , ...,,... ,... , ...,,... ,... , ...,,... ,... , ...,,... ,... , ...,,... ,... , ...,,... ,... , ...,,... ,... , ...,,... ,... , ...,,... ,... , ...,,... ,... , ...,,... ,... , ...,,... ,... , ...,,...,
United Kingdom,... ,... , ...,Estimates were not available at the time of publication.,... ,... , ...,Estimates were not available at the time of publication.,... ,... , ...,Estimates were not available at the time of publication.,... ,... , ...,Estimates were not available at the time of publication.,... ,... , ...,Estimates were not available at the time of publication.,... ,... , ...,Estimates were not available at the time of publication.,... ,... , ...,Estimates were not available at the time of publication.,... ,... , ...,Estimates were not available at the time of publication.,... ,... , ...,Estimates were not available at the time of publication.,... ,... , ...,Estimates were not available at the time of publication.,... ,... , ...,Estimates were not available at the time of publication.,... ,... , ...,Estimates were not available at the time of publication.,... ,... , ...,Estimates were not available at the time of publication.,... ,... , ...,Estimates were not available at the time of publication.,...,Estimates were not available at the time of publication.
United Republic of Tanzania,87 000 ,77 000 , 100 000,,90 000 ,81 000 , 100 000,,89 000 ,78 000 , 100 000,,90 000 ,79 000 , 110 000,,94 000 ,83 000 , 110 000,,98 000 ,87 000 , 110 000,,100 000 ,93 000 , 120 000,,96 000 ,86 000 , 110 000,,90 000 ,80 000 , 110 000,,83 000 ,73 000 , 99 000,,73 000 ,64 000 , 88 000,,68 000 ,59 000 , 84 000,,60 000 ,50 000 , 75 000,,53 000 ,43 000 , 67 000,,-39,
United States,... ,... , ...,,... ,... , ...,,... ,... , ...,,... ,... , ...,,... ,... , ...,,... ,... , ...,,... ,... , ...,,... ,... , ...,,... ,... , ...,,... ,... , ...,,... ,... , ...,,... ,... , ...,,... ,... , ...,,... ,... , ...,,...,
Uruguay,<1000 ,<1000 ,1100,,<1000 ,<1000 ,1100,,<1000 ,<1000 ,1200,,<1000 ,<1000 ,1200,,<1000 ,<1000 ,1300,,<1000 ,<1000 ,1300,,<1000 ,<1000 ,1300,,<1000 ,<1000 ,1400,,<1000 ,<1000 ,1400,,<1000 ,<500 ,1500,,<1000 ,<500 ,1500,,<1000 ,<500 ,1500,,<1000 ,<500 ,1600,,<1000 ,<500 ,1700,,6,
Uzbekistan,3900,3700,4000,,3900,3800,4100,,4000,3800,4200,,4000,3800,4200,,4000,3900,4300,,4100,3900,4300,,4100,3900,4300,,4200,4000,4400,,4200,4000,4400,,3600,3400,3800,,3600,3400,3800,,3600,3400,3900,,3700,3500,3900,,3700,3500,4000,,-3,
Venezuela (Bolivarian Republic of),3900,2900,5800,,2900,1900,3900,,2500,1300,3400,,2400,1200,3700,,2600,1500,3800,,2900,1900,4100,,3300,2400,4500,,3700,2900,5000,,4100,3300,5100,,4500,3800,5500,,5000,4200,5900,,5700,4800,6500,,6400,5300,7400,,7600,6300,9200,,98,
Viet Nam,15 000 ,13 000 , 16 000,,14 000 ,12 000 , 15 000,,13 000 ,12 000 , 15 000,,12 000 ,11 000 , 14 000,,12 000 ,10 000 , 13 000,,11 000 ,10 000 , 12 000,,10 000 ,9400, 11 000,,9700,8700, 11 000,,9300,8300, 10 000,,8700,7800,9500,,8000,7100,8800,,7200,6400,7900,,6600,5800,7200,,6100,5300,6700,,-58,
Yemen,<1000 ,<1000 ,1400,,<1000 ,<500 ,1100,,<1000 ,<500 ,1100,,<1000 ,<1000 ,1300,,<1000 ,<1000 ,1400,,1100,<1000 ,1700,,1200,<1000 ,1900,,1300,<1000 ,2100,,1400,<1000 ,2300,,1400,<1000 ,2400,,1500,<1000 ,2500,,1500,<1000 ,2500,,1500,<1000 ,2600,,1600,<1000 ,2700,,71,
Zambia,64 000 ,59 000 , 73 000,,65 000 ,60 000 , 74 000,,68 000 ,62 000 , 76 000,,69 000 ,62 000 , 79 000,,69 000 ,62 000 , 78 000,,69 000 ,62 000 , 77 000,,69 000 ,62 000 , 77 000,,72 000 ,65 000 , 81 000,,70 000 ,63 000 , 80 000,,58 000 ,51 000 , 67 000,,45 000 ,38 000 , 53 000,,36 000 ,29 000 , 43 000,,30 000 ,23 000 , 38 000,,23 000 ,17 000 , 30 000,,-64,
Zimbabwe,79 000 ,55 000 , 110 000,,68 000 ,47 000 , 98 000,,63 000 ,43 000 , 90 000,,59 000 ,41 000 , 85 000,,55 000 ,38 000 , 78 000,,50 000 ,35 000 , 72 000,,42 000 ,29 000 , 60 000,,34 000 ,23 000 , 48 000,,26 000 ,18 000 , 38 000,,22 000 ,15 000 , 32 000,,20 000 ,14 000 , 28 000,,18 000 ,13 000 , 26 000,,17 000 ,12 000 , 24 000,,15 000 ,11 000 , 22 000,,-80,
Global,2 100 000 ,1 700 000,2 700 000,,2 100 000 ,1 700 000,2 600 000,,2 000 000 ,1 600 000,2 500 000,,1 900 000 ,1 600 000,2 500 000,,1 900 000 ,1 500 000,2 400 000,,1 800 000 ,1 500 000,2 300 000,,1 800 000 ,1 400 000,2 200 000,,1 700 000 ,1 400 000,2 100 000,,1 600 000 ,1 300 000,2 100 000,,1 500 000 ,1 200 000,2 000 000,,1 500 000 ,1 200 000,1 900 000,,1 400 000 ,1 200 000,1 800 000,,1 400 000 ,1 100 000,1 700 000,,1 300 000 ,1 000 000,1 700 000,,-39,
