Country,2010,2010_lower, 2010_upper, 2010_Footnote, 2011,2011_lower, 2011_upper, 2011_Footnote, 2012,2012_lower, 2012_upper, 2012_Footnote, 2013,2013_lower, 2013_upper, 2013_Footnote, 2014,2014_lower, 2014_upper, 2014_Footnote, 2015,2015_lower, 2015_upper, 2015_Footnote, 2016,2016_lower, 2016_upper, 2016_Footnote, 2017,2017_lower, 2017_upper, 2017_Footnote, 2018,2018_lower, 2018_upper, 2018_Footnote, 2019,2019_lower, 2019_upper, 2019_Footnote, 2020,2020_lower, 2020_upper, 2020_Footnote, 2021,2021_lower, 2021_upper, 2021_Footnote, 2022,2022_lower, 2022_upper, 2022_Footnote, 2023,2023_lower, 2023_upper, 2023_Footnote, 2023,2023_Footnote
Afghanistan,<500 ,<200 , <1000,,<500 ,<200 , <1000,,<500 ,<200 , <1000,,<500 ,<200 , <1000,,<500 ,<200 , <1000,,<500 ,<200 , <1000,,<500 ,<200 , <1000,,<500 ,<200 , 1100,,<500 ,<200 , 1200,,<500 ,<200 , 1500,,<500 ,<200 , 1700,,<1000 ,<200 , 1900,,<1000 ,<200 , 2200,,<1000 ,<200 , 2500,,168,
Albania,<100 ,<100 , <100,,<100 ,<100 , <100,,<100 ,<100 , <100,,<100 ,<100 , <100,,<100 ,<100 , <100,,<100 ,<100 , <100,,<100 ,<100 , <100,,<100 ,<100 , <100,,<100 ,<100 , <100,,<100 ,<100 , <100,,<100 ,<100 , <100,,<100 ,<100 , <100,,<100 ,<100 , <100,,<100 ,<100 , <100,,23,
Algeria,<500 ,<500 , <500,,<500 ,<500 , <500,,<500 ,<500 , <500,,<500 ,<500 , <500,,<500 ,<500 , <500,,<500 ,<500 , <500,,<500 ,<500 , <500,,<500 ,<500 , <500,,<500 ,<500 , <500,,<500 ,<500 , <500,,<500 ,<500 , <500,,<500 ,<500 , <500,,<500 ,<200 , <500,,<500 ,<500 , <500,,-9,
Angola,15 000 ,13 000 , 19 000,,16 000 ,13 000 , 19 000,,17 000 ,14 000 , 20 000,,16 000 ,13 000 , 20 000,,15 000 ,12 000 , 19 000,,15 000 ,12 000 , 19 000,,15 000 ,12 000 , 19 000,,17 000 ,14 000 , 21 000,,17 000 ,14 000 , 21 000,,17 000 ,13 000 , 21 000,,16 000 ,13 000 , 21 000,,15 000 ,12 000 , 19 000,,13 000 ,10 000 , 18 000,,12 000 ,9300 , 17 000,,-21,
Argentina,1400 ,1100 , 1800,,1400 ,1100 , 1800,,1400 ,1100 , 1800,,1400 ,1000 , 1700,,1400 ,1000 , 1700,,1300 ,<1000 , 1700,,1300 ,<1000 , 1700,,1300 ,<1000 , 1700,,1400 ,<1000 , 1700,,1400 ,1000 , 1800,,1400 ,1000 , 1800,,1400 ,1000 , 1800,,1400 ,1000 , 1700,,1400 ,<1000 , 1700,,-6,
Armenia,<100 ,<100 , <100,,<100 ,<100 , <100,,<100 ,<100 , <100,,<100 ,<100 , <100,,<100 ,<100 , <100,,<100 ,<100 , <100,,<100 ,<100 , <100,,<100 ,<100 , <100,,<100 ,<100 , <100,,<100 ,<100 , <100,,<100 ,<100 , <100,,<100 ,<100 , <200,,<100 ,<100 , <200,,<100 ,<100 , <200,,143,
Australia,<200 ,<100 , <200,,<200 ,<100 , <200,,<200 ,<100 , <200,,<100 ,<100 , <200,,<100 ,<100 , <200,,<100 ,<100 , <200,,<100 ,<100 , <200,,<100 ,<100 , <200,,<100 ,<100 , <200,,<100 ,<100 , <200,,<100 ,<100 , <200,,<100 ,<100 , <200,,<100 ,<100 , <200,,<100 ,<100 , <200,,-30,
Austria,... ,... , ...,"Estimates were not available at the time of publication.",... ,... , ...,"Estimates were not available at the time of publication.",... ,... , ...,"Estimates were not available at the time of publication.",... ,... , ...,"Estimates were not available at the time of publication.",... ,... , ...,"Estimates were not available at the time of publication.",... ,... , ...,"Estimates were not available at the time of publication.",... ,... , ...,"Estimates were not available at the time of publication.",... ,... , ...,"Estimates were not available at the time of publication.",... ,... , ...,"Estimates were not available at the time of publication.",... ,... , ...,"Estimates were not available at the time of publication.",... ,... , ...,"Estimates were not available at the time of publication.",... ,... , ...,"Estimates were not available at the time of publication.",... ,... , ...,"Estimates were not available at the time of publication.",... ,... , ...,"Estimates were not available at the time of publication.",...,"Estimates were not available at the time of publication."
Azerbaijan,<500 ,<500 , <1000,,<500 ,<500 , <1000,,<500 ,<500 , <1000,,<500 ,<500 , <1000,,<500 ,<500 , <500,,<500 ,<200 , <500,,<500 ,<200 , <500,,<500 ,<200 , <500,,<200 ,<200 , <500,,<200 ,<200 , <500,,<200 ,<100 , <200,,<200 ,<100 , <200,,<200 ,<100 , <200,,<200 ,<100 , <200,,-76,
Bahamas,<200 ,<200 , <200,,<200 ,<200 , <500,,<200 ,<200 , <500,,<200 ,<200 , <200,,<200 ,<200 , <200,,<200 ,<100 , <200,,<200 ,<100 , <200,,<100 ,<100 , <200,,<100 ,<100 , <100,,<100 ,<100 , <100,,<100 ,<100 , <100,,<100 ,<100 , <200,,<100 ,<100 , <200,,<100 ,<100 , <200,,-36,
Bahrain,... ,... , ...,"Estimates were not available at the time of publication.",... ,... , ...,"Estimates were not available at the time of publication.",... ,... , ...,"Estimates were not available at the time of publication.",... ,... , ...,"Estimates were not available at the time of publication.",... ,... , ...,"Estimates were not available at the time of publication.",... ,... , ...,"Estimates were not available at the time of publication.",... ,... , ...,"Estimates were not available at the time of publication.",... ,... , ...,"Estimates were not available at the time of publication.",... ,... , ...,"Estimates were not available at the time of publication.",... ,... , ...,"Estimates were not available at the time of publication.",... ,... , ...,"Estimates were not available at the time of publication.",... ,... , ...,"Estimates were not available at the time of publication.",... ,... , ...,"Estimates were not available at the time of publication.",... ,... , ...,"Estimates were not available at the time of publication.",...,"Estimates were not available at the time of publication."
Bangladesh,<500 ,<500 , <500,,<500 ,<500 , <500,,<500 ,<500 , <500,,<500 ,<500 , <500,,<500 ,<500 , <500,,<500 ,<500 , <500,,<500 ,<500 , <500,,<500 ,<500 , <1000,,<500 ,<500 , <1000,,<1000 ,<500 , <1000,,<1000 ,<500 , <1000,,<1000 ,<500 , <1000,,<1000 ,<500 , <1000,,<500 ,<500 , <500,,56,
Barbados,<100 ,<100 , <100,,<100 ,<100 , <100,,<100 ,<100 , <100,,<100 ,<100 , <100,,<100 ,<100 , <100,,<100 ,<100 , <100,,<100 ,<100 , <100,,<100 ,<100 , <100,,<100 ,<100 , <100,,<100 ,<100 , <100,,<100 ,<100 , <100,,<100 ,<100 , <100,,<100 ,<100 , <100,,<100 ,<100 , <100,,1,
Belarus,<500 ,<500 , <1000,,<500 ,<500 , <1000,,<1000 ,<500 , <1000,,<1000 ,<500 , <1000,,<1000 ,<500 , <1000,,<1000 ,<500 , <1000,,<1000 ,<500 , <1000,,<1000 ,<500 , <1000,,<500 ,<500 , <1000,,<500 ,<500 , <1000,,<500 ,<500 , <1000,,<500 ,<500 , <1000,,<500 ,<500 , <1000,,<500 ,<500 , <500,,-27,
Belgium,... ,... , ...,"Estimates were not available at the time of publication.",... ,... , ...,"Estimates were not available at the time of publication.",... ,... , ...,"Estimates were not available at the time of publication.",... ,... , ...,"Estimates were not available at the time of publication.",... ,... , ...,"Estimates were not available at the time of publication.",... ,... , ...,"Estimates were not available at the time of publication.",... ,... , ...,"Estimates were not available at the time of publication.",... ,... , ...,"Estimates were not available at the time of publication.",... ,... , ...,"Estimates were not available at the time of publication.",... ,... , ...,"Estimates were not available at the time of publication.",... ,... , ...,"Estimates were not available at the time of publication.",... ,... , ...,"Estimates were not available at the time of publication.",... ,... , ...,"Estimates were not available at the time of publication.",... ,... , ...,"Estimates were not available at the time of publication.",...,"Estimates were not available at the time of publication."
Belize,<100 ,<100 , <200,,<100 ,<100 , <200,,<100 ,<100 , <200,,<100 ,<100 , <200,,<200 ,<100 , <200,,<200 ,<100 , <200,,<200 ,<100 , <200,,<200 ,<200 , <200,,<200 ,<200 , <200,,<200 ,<200 , <200,,<200 ,<200 , <200,,<200 ,<200 , <200,,<200 ,<200 , <200,,<200 ,<100 , <200,,29,
Benin,2800 ,2200 , 3600,,2700 ,2100 , 3600,,2700 ,2000 , 3600,,2800 ,2000 , 3900,,2900 ,2000 , 4100,,2700 ,2000 , 3800,,2400 ,1700 , 3300,,2200 ,1600 , 3200,,2300 ,1600 , 3300,,2100 ,1500 , 2900,,1800 ,1300 , 2600,,1700 ,1200 , 2500,,1600 ,1100 , 2300,,1400 ,1000 , 2100,,-51,
Bhutan,<100 ,<100 , <100,,<100 ,<100 , <100,,<100 ,<100 , <100,,<100 ,<100 , <100,,<100 ,<100 , <100,,<100 ,<100 , <100,,<100 ,<100 , <100,,<100 ,<100 , <100,,<100 ,<100 , <100,,<100 ,<100 , <100,,<100 ,<100 , <100,,<100 ,<100 , <100,,<100 ,<100 , <100,,<100 ,<100 , <100,,-27,
Bolivia (Plurinational State of),1300 ,1100 , 1600,,1400 ,1100 , 1700,,1300 ,1100 , 1700,,1300 ,1000 , 1600,,1300 ,1000 , 1600,,1100 ,<1000 , 1500,,1000 ,<1000 , 1400,,<1000 ,<1000 , 1300,,<1000 ,<1000 , 1200,,<1000 ,<1000 , 1100,,<1000 ,<1000 , 1100,,<1000 ,<500 , 1100,,<1000 ,<500 , 1000,,<1000 ,<500 , <1000,,-51,
Bosnia and Herzegovina,<100 ,<100 , <100,,<100 ,<100 , <100,,<100 ,<100 , <100,,<100 ,<100 , <100,,<100 ,<100 , <100,,<100 ,<100 , <100,,<100 ,<100 , <100,,<100 ,<100 , <100,,<100 ,<100 , <100,,<100 ,<100 , <100,,<100 ,<100 , <100,,<100 ,<100 , <100,,<100 ,<100 , <100,,<100 ,<100 , <100,,62,
Botswana,6100 ,5300 , 7000,,5600 ,5000 , 6500,,5200 ,4500 , 6000,,5000 ,4400 , 5800,,4700 ,4100 , 5600,,4800 ,4100 , 5600,,4700 ,4100 , 5600,,4500 ,3800 , 5400,,4600 ,3900 , 5400,,4600 ,3900 , 5300,,4400 ,3700 , 5200,,4400 ,3700 , 5100,,4100 ,3400 , 4700,,3900 ,3200 , 4500,,-36,
Brazil,17 000 ,14 000 , 20 000,,18 000 ,15 000 , 21 000,,18 000 ,15 000 , 21 000,,18 000 ,15 000 , 22 000,,19 000 ,15 000 , 23 000,,19 000 ,15 000 , 23 000,,18 000 ,14 000 , 22 000,,17 000 ,13 000 , 21 000,,16 000 ,13 000 , 20 000,,16 000 ,12 000 , 20 000,,15 000 ,12 000 , 19 000,,15 000 ,12 000 , 19 000,,14 000 ,11 000 , 18 000,,14 000 ,10 000 , 17 000,,-18,
Brunei Darussalam,... ,... , ...,"Estimates were not available at the time of publication.",... ,... , ...,"Estimates were not available at the time of publication.",... ,... , ...,"Estimates were not available at the time of publication.",... ,... , ...,"Estimates were not available at the time of publication.",... ,... , ...,"Estimates were not available at the time of publication.",... ,... , ...,"Estimates were not available at the time of publication.",... ,... , ...,"Estimates were not available at the time of publication.",... ,... , ...,"Estimates were not available at the time of publication.",... ,... , ...,"Estimates were not available at the time of publication.",... ,... , ...,"Estimates were not available at the time of publication.",... ,... , ...,"Estimates were not available at the time of publication.",... ,... , ...,"Estimates were not available at the time of publication.",... ,... , ...,"Estimates were not available at the time of publication.",... ,... , ...,"Estimates were not available at the time of publication.",...,"Estimates were not available at the time of publication."
Bulgaria,<100 ,<100 , <100,,<100 ,<100 , <100,,<100 ,<100 , <100,,<100 ,<100 , <100,,<100 ,<100 , <100,,<100 ,<100 , <100,,<100 ,<100 , <100,,<100 ,<100 , <100,,<100 ,<100 , <100,,<100 ,<100 , <100,,<100 ,<100 , <100,,<100 ,<100 , <100,,<100 ,<100 , <100,,<100 ,<100 , <100,,-48,
Burkina Faso,6200 ,4800 , 7900,,5700 ,4400 , 7400,,5500 ,4300 , 7100,,5300 ,4000 , 6800,,5100 ,3900 , 6600,,4800 ,3700 , 6200,,4400 ,3400 , 5600,,4100 ,3200 , 5300,,3800 ,2900 , 4900,,3700 ,2800 , 4800,,3300 ,2500 , 4300,,3200 ,2300 , 4300,,2900 ,2200 , 3900,,2600 ,2000 , 3500,,-57,
Burundi,5400 ,4300 , 6600,,4700 ,3700 , 5900,,4200 ,3300 , 5400,,4000 ,3100 , 5100,,3600 ,2700 , 4700,,3200 ,2300 , 4200,,2600 ,1900 , 3500,,2000 ,1600 , 2800,,1700 ,1300 , 2500,,1500 ,1200 , 2200,,1300 ,1000 , 1900,,1200 ,<1000 , 1800,,1200 ,<1000 , 1800,,1200 ,<1000 , 1800,,-79,
Cabo Verde,<100 ,<100 , <100,,<100 ,<100 , <100,,<100 ,<100 , <100,,<100 ,<100 , <100,,<100 ,<100 , <100,,<100 ,<100 , <100,,<100 ,<100 , <100,,<100 ,<100 , <100,,<100 ,<100 , <100,,<100 ,<100 , <100,,<100 ,<100 , <100,,<100 ,<100 , <100,,<100 ,<100 , <100,,<100 ,<100 , <100,,3,
Cambodia,1700 ,1300 , 2200,,1600 ,1200 , 2100,,1700 ,1300 , 2300,,1900 ,1400 , 2500,,2000 ,1400 , 2700,,2100 ,1400 , 2700,,2000 ,1400 , 2500,,1800 ,1300 , 2300,,1700 ,1100 , 2200,,1500 ,<1000 , 1900,,1300 ,<1000 , 1800,,1200 ,<1000 , 1700,,1200 ,<1000 , 1600,,1100 ,<1000 , 1400,,-36,
Cameroon,... ,... , ...,"Estimates were not available at the time of publication.",... ,... , ...,"Estimates were not available at the time of publication.",... ,... , ...,"Estimates were not available at the time of publication.",... ,... , ...,"Estimates were not available at the time of publication.",... ,... , ...,"Estimates were not available at the time of publication.",... ,... , ...,"Estimates were not available at the time of publication.",... ,... , ...,"Estimates were not available at the time of publication.",... ,... , ...,"Estimates were not available at the time of publication.",... ,... , ...,"Estimates were not available at the time of publication.",... ,... , ...,"Estimates were not available at the time of publication.",... ,... , ...,"Estimates were not available at the time of publication.",... ,... , ...,"Estimates were not available at the time of publication.",... ,... , ...,"Estimates were not available at the time of publication.",... ,... , ...,"Estimates were not available at the time of publication.",...,"Estimates were not available at the time of publication."
Canada,<1000 ,<1000 , <1000,,<1000 ,<1000 , 1100,,<1000 ,<1000 , 1200,,<1000 ,<500 , <1000,,<500 ,<500 , <500,,<500 ,<500 , <500,,<500 ,<500 , <500,,<500 ,<500 , <500,,<500 ,<500 , <500,,<500 ,<500 , <500,,<500 ,<500 , <500,,... ,... , ...,,... ,... , ...,,... ,... , ...,,...,
Central African Republic,... ,... , ...,"Estimates were not available at the time of publication.",... ,... , ...,"Estimates were not available at the time of publication.",... ,... , ...,"Estimates were not available at the time of publication.",... ,... , ...,"Estimates were not available at the time of publication.",... ,... , ...,"Estimates were not available at the time of publication.",... ,... , ...,"Estimates were not available at the time of publication.",... ,... , ...,"Estimates were not available at the time of publication.",... ,... , ...,"Estimates were not available at the time of publication.",... ,... , ...,"Estimates were not available at the time of publication.",... ,... , ...,"Estimates were not available at the time of publication.",... ,... , ...,"Estimates were not available at the time of publication.",... ,... , ...,"Estimates were not available at the time of publication.",... ,... , ...,"Estimates were not available at the time of publication.",... ,... , ...,"Estimates were not available at the time of publication.",...,"Estimates were not available at the time of publication."
Chad,6500 ,4800 , 9000,,6300 ,4700 , 8800,,6100 ,4500 , 8400,,5800 ,4100 , 7900,,5600 ,4000 , 7700,,5600 ,4000 , 7600,,5300 ,3900 , 7300,,5100 ,3700 , 7100,,5000 ,3600 , 6900,,4800 ,3400 , 6800,,4500 ,3200 , 6300,,4100 ,2900 , 5700,,3800 ,2700 , 5500,,3500 ,2500 , 5200,,-45,
Chile,... ,... , ...,,... ,... , ...,,... ,... , ...,,... ,... , ...,,... ,... , ...,,... ,... , ...,,... ,... , ...,,... ,... , ...,,... ,... , ...,,... ,... , ...,,... ,... , ...,,... ,... , ...,,... ,... , ...,,... ,... , ...,,...,
China,... ,... , ...,"Estimates were not available at the time of publication.",... ,... , ...,"Estimates were not available at the time of publication.",... ,... , ...,"Estimates were not available at the time of publication.",... ,... , ...,"Estimates were not available at the time of publication.",... ,... , ...,"Estimates were not available at the time of publication.",... ,... , ...,"Estimates were not available at the time of publication.",... ,... , ...,"Estimates were not available at the time of publication.",... ,... , ...,"Estimates were not available at the time of publication.",... ,... , ...,"Estimates were not available at the time of publication.",... ,... , ...,"Estimates were not available at the time of publication.",... ,... , ...,"Estimates were not available at the time of publication.",... ,... , ...,"Estimates were not available at the time of publication.",... ,... , ...,"Estimates were not available at the time of publication.",... ,... , ...,"Estimates were not available at the time of publication.",...,"Estimates were not available at the time of publication."
Colombia,8300 ,5900 , 11 000,,7100 ,4900 , 10 000,,6500 ,4400 , 9100,,6200 ,4100 , 8700,,5900 ,3800 , 8200,,5500 ,3500 , 7700,,5100 ,3200 , 7400,,5300 ,3200 , 7700,,5200 ,3200 , 7600,,4200 ,2500 , 6400,,3400 ,2100 , 5600,,3800 ,2000 , 6400,,4200 ,2200 , 7400,,3700 ,2100 , 6700,,-56,
Comoros,<100 ,<100 , <100,,<100 ,<100 , <100,,<100 ,<100 , <100,,<100 ,<100 , <100,,<100 ,<100 , <100,,<100 ,<100 , <100,,<100 ,<100 , <100,,<100 ,<100 , <100,,<100 ,<100 , <100,,<100 ,<100 , <100,,<100 ,<100 , <100,,<100 ,<100 , <100,,<100 ,<100 , <100,,<100 ,<100 , <100,,-30,
Congo,5600 ,4700 , 6800,,5500 ,4600 , 6800,,5800 ,4900 , 7100,,6100 ,5100 , 7400,,6300 ,5200 , 7600,,6500 ,5400 , 7800,,6600 ,5400 , 7900,,6600 ,5400 , 8000,,6700 ,5400 , 8300,,6800 ,5400 , 8500,,6900 ,5300 , 8800,,6900 ,5200 , 8900,,6600 ,4900 , 8800,,6300 ,4400 , 8900,,12,
Costa Rica,<200 ,<200 , <200,,<200 ,<100 , <200,,<200 ,<100 , <200,,<200 ,<200 , <500,,<500 ,<200 , <500,,<500 ,<200 , <500,,<200 ,<200 , <500,,<200 ,<200 , <500,,<200 ,<200 , <500,,<200 ,<200 , <500,,<500 ,<200 , <500,,<500 ,<200 , <500,,<200 ,<200 , <500,,<200 ,<200 , <500,,1,
Croatia,<100 ,<100 , <100,,<100 ,<100 , <100,,<100 ,<100 , <100,,<100 ,<100 , <100,,<100 ,<100 , <100,,<100 ,<100 , <100,,<100 ,<100 , <100,,<100 ,<100 , <100,,<100 ,<100 , <100,,<100 ,<100 , <100,,<100 ,<100 , <100,,<100 ,<100 , <100,,<100 ,<100 , <100,,<100 ,<100 , <100,,-24,
Cuba,<500 ,<200 , <500,,<500 ,<500 , <500,,<500 ,<500 , <500,,<500 ,<500 , <1000,,<500 ,<500 , <1000,,<500 ,<500 , <500,,<500 ,<500 , <500,,<500 ,<200 , <500,,<500 ,<200 , <500,,<500 ,<200 , <500,,<500 ,<200 , <500,,<500 ,<200 , <1000,,<500 ,<500 , <1000,,<500 ,<500 , <1000,,52,
Cyprus,... ,... , ...,"Estimates were not available at the time of publication.",... ,... , ...,"Estimates were not available at the time of publication.",... ,... , ...,"Estimates were not available at the time of publication.",... ,... , ...,"Estimates were not available at the time of publication.",... ,... , ...,"Estimates were not available at the time of publication.",... ,... , ...,"Estimates were not available at the time of publication.",... ,... , ...,"Estimates were not available at the time of publication.",... ,... , ...,"Estimates were not available at the time of publication.",... ,... , ...,"Estimates were not available at the time of publication.",... ,... , ...,"Estimates were not available at the time of publication.",... ,... , ...,"Estimates were not available at the time of publication.",... ,... , ...,"Estimates were not available at the time of publication.",... ,... , ...,"Estimates were not available at the time of publication.",... ,... , ...,"Estimates were not available at the time of publication.",...,"Estimates were not available at the time of publication."
Czechia,<100 ,<100 , <100,,<100 ,<100 , <100,,<100 ,<100 , <100,,<100 ,<100 , <100,,<100 ,<100 , <100,,<100 ,<100 , <100,,<100 ,<100 , <100,,<100 ,<100 , <100,,<100 ,<100 , <100,,<100 ,<100 , <100,,<100 ,<100 , <100,,<100 ,<100 , <100,,<100 ,<100 , <100,,<100 ,<100 , <100,,-47,
CÃ´te d'Ivoire,33 000 ,28 000 , 40 000,,31 000 ,26 000 , 37 000,,27 000 ,23 000 , 34 000,,26 000 ,21 000 , 32 000,,24 000 ,20 000 , 30 000,,22 000 ,18 000 , 27 000,,20 000 ,16 000 , 25 000,,18 000 ,15 000 , 23 000,,16 000 ,13 000 , 20 000,,13 000 ,11 000 , 17 000,,12 000 ,9500 , 16 000,,11 000 ,8600 , 15 000,,11 000 ,8100 , 14 000,,9500 ,7200 , 13 000,,-71,
Democratic People's Republic of Korea,... ,... , ...,"Estimates were not available at the time of publication.",... ,... , ...,"Estimates were not available at the time of publication.",... ,... , ...,"Estimates were not available at the time of publication.",... ,... , ...,"Estimates were not available at the time of publication.",... ,... , ...,"Estimates were not available at the time of publication.",... ,... , ...,"Estimates were not available at the time of publication.",... ,... , ...,"Estimates were not available at the time of publication.",... ,... , ...,"Estimates were not available at the time of publication.",... ,... , ...,"Estimates were not available at the time of publication.",... ,... , ...,"Estimates were not available at the time of publication.",... ,... , ...,"Estimates were not available at the time of publication.",... ,... , ...,"Estimates were not available at the time of publication.",... ,... , ...,"Estimates were not available at the time of publication.",... ,... , ...,"Estimates were not available at the time of publication.",...,"Estimates were not available at the time of publication."
Democratic Republic of the Congo,43 000 ,34 000 , 54 000,,41 000 ,33 000 , 53 000,,39 000 ,32 000 , 50 000,,35 000 ,28 000 , 46 000,,33 000 ,26 000 , 43 000,,29 000 ,23 000 , 38 000,,26 000 ,20 000 , 34 000,,22 000 ,16 000 , 29 000,,19 000 ,14 000 , 27 000,,21 000 ,15 000 , 29 000,,17 000 ,12 000 , 24 000,,14 000 ,10 000 , 20 000,,12 000 ,8800 , 17 000,,11 000 ,8400 , 15 000,,-74,
Denmark,<100 ,<100 , <100,,<100 ,<100 , <100,,<100 ,<100 , <100,,<100 ,<100 , <100,,<100 ,<100 , <100,,<100 ,<100 , <100,,<100 ,<100 , <100,,<100 ,<100 , <100,,<100 ,<100 , <100,,<100 ,<100 , <100,,<100 ,<100 , <100,,<100 ,<100 , <100,,<100 ,<100 , <100,,<100 ,<100 , <100,,-21,
Djibouti,1100 ,<1000 , 1400,,1100 ,<1000 , 1400,,<1000 ,<1000 , 1300,,<1000 ,<1000 , 1300,,<1000 ,<1000 , 1200,,<1000 ,<1000 , 1200,,<1000 ,<500 , 1100,,<1000 ,<500 , 1000,,<1000 ,<500 , <1000,,<1000 ,<500 , <1000,,<1000 ,<500 , <1000,,<1000 ,<500 , <1000,,<1000 ,<500 , <1000,,<1000 ,<500 , <1000,,-50,
Dominican Republic,3300 ,2600 , 4200,,3300 ,2500 , 4100,,3100 ,2400 , 4000,,3000 ,2300 , 3900,,2900 ,2200 , 3800,,2600 ,1900 , 3500,,2600 ,1800 , 3400,,2600 ,1900 , 3500,,2500 ,1800 , 3500,,2400 ,1600 , 3400,,2300 ,1500 , 3300,,2000 ,1300 , 3000,,1700 ,1000 , 2500,,1400 ,<1000 , 2100,,-59,
Ecuador,<1000 ,<1000 , 1200,,<1000 ,<1000 , 1100,,<1000 ,<1000 , 1200,,<1000 ,<1000 , 1300,,1000 ,<1000 , 1300,,<1000 ,<1000 , 1200,,<1000 ,<1000 , 1000,,<1000 ,<500 , <1000,,<1000 ,<500 , <1000,,<500 ,<500 , <1000,,<500 ,<500 , <1000,,<500 ,<500 , <1000,,<500 ,<500 , <1000,,<500 ,<500 , <1000,,-57,
Egypt,<500 ,<200 , <500,,<500 ,<500 , <500,,<500 ,<500 , <500,,<500 ,<500 , <500,,<500 ,<500 , <500,,<500 ,<500 , <500,,<500 ,<500 , <1000,,<500 ,<500 , <1000,,<500 ,<500 , <1000,,<1000 ,<500 , <1000,,<1000 ,<500 , <1000,,<1000 ,<1000 , <1000,,<1000 ,<1000 , <1000,,<1000 ,<1000 , <1000,,277,
El Salvador,<500 ,<500 , <500,,<500 ,<500 , <500,,<500 ,<500 , <500,,<500 ,<500 , <500,,<500 ,<500 , <500,,<500 ,<500 , <1000,,<500 ,<500 , <1000,,<500 ,<500 , <1000,,<1000 ,<500 , <1000,,<500 ,<500 , <1000,,<500 ,<500 , <1000,,<500 ,<500 , <1000,,<500 ,<500 , <500,,<500 ,<500 , <500,,11,
Equatorial Guinea,... ,... , ...,"Estimates were not available at the time of publication.",... ,... , ...,"Estimates were not available at the time of publication.",... ,... , ...,"Estimates were not available at the time of publication.",... ,... , ...,"Estimates were not available at the time of publication.",... ,... , ...,"Estimates were not available at the time of publication.",... ,... , ...,"Estimates were not available at the time of publication.",... ,... , ...,"Estimates were not available at the time of publication.",... ,... , ...,"Estimates were not available at the time of publication.",... ,... , ...,"Estimates were not available at the time of publication.",... ,... , ...,"Estimates were not available at the time of publication.",... ,... , ...,"Estimates were not available at the time of publication.",... ,... , ...,"Estimates were not available at the time of publication.",... ,... , ...,"Estimates were not available at the time of publication.",... ,... , ...,"Estimates were not available at the time of publication.",...,"Estimates were not available at the time of publication."
Eritrea,1100 ,<1000 , 1700,,1000 ,<1000 , 1500,,<1000 ,<500 , 1400,,<1000 ,<500 , 1200,,<1000 ,<500 , 1100,,<1000 ,<500 , <1000,,<1000 ,<500 , <1000,,<1000 ,<500 , <1000,,<1000 ,<500 , <1000,,<1000 ,<500 , <1000,,<500 ,<500 , <1000,,<500 ,<500 , <1000,,<500 ,<500 , <1000,,<500 ,<200 , <1000,,-63,
Estonia,<100 ,<100 , <100,,<100 ,<100 , <100,,<100 ,<100 , <100,,<100 ,<100 , <100,,<100 ,<100 , <100,,<100 ,<100 , <100,,<100 ,<100 , <100,,<100 ,<100 , <100,,<100 ,<100 , <100,,<100 ,<100 , <100,,<100 ,<100 , <100,,<100 ,<100 , <200,,... ,... , ...,,... ,... , ...,,...,
Eswatini,6200 ,5400 , 7300,,5200 ,4500 , 6200,,5000 ,4300 , 6100,,4900 ,4100 , 5900,,4700 ,4100 , 5600,,4500 ,4000 , 5100,,4000 ,3500 , 4700,,3400 ,2900 , 4100,,3200 ,2700 , 3800,,3500 ,2900 , 4100,,3400 ,2900 , 4100,,3100 ,2600 , 3700,,3200 ,2700 , 3800,,3100 ,2600 , 3700,,-50,
Ethiopia,26 000 ,16 000 , 48 000,,21 000 ,14 000 , 40 000,,19 000 ,12 000 , 34 000,,17 000 ,11 000 , 32 000,,17 000 ,11 000 , 31 000,,16 000 ,10 000 , 30 000,,15 000 ,9800 , 29 000,,15 000 ,9500 , 28 000,,14 000 ,9200 , 27 000,,14 000 ,8900 , 26 000,,13 000 ,8200 , 24 000,,12 000 ,7400 , 22 000,,11 000 ,6900 , 20 000,,10 000 ,6400 , 19 000,,-61,
Fiji,<100 ,<100 , <100,,<100 ,<100 , <100,,<100 ,<100 , <100,,<100 ,<100 , <100,,<100 ,<100 , <100,,<100 ,<100 , <100,,<100 ,<100 , <100,,<100 ,<100 , <100,,<100 ,<100 , <200,,<100 ,<100 , <200,,<100 ,<100 , <200,,<100 ,<100 , <200,,<100 ,<100 , <200,,<100 ,<100 , <200,,275,
Finland,... ,... , ...,"Estimates were not available at the time of publication.",... ,... , ...,"Estimates were not available at the time of publication.",... ,... , ...,"Estimates were not available at the time of publication.",... ,... , ...,"Estimates were not available at the time of publication.",... ,... , ...,"Estimates were not available at the time of publication.",... ,... , ...,"Estimates were not available at the time of publication.",... ,... , ...,"Estimates were not available at the time of publication.",... ,... , ...,"Estimates were not available at the time of publication.",... ,... , ...,"Estimates were not available at the time of publication.",... ,... , ...,"Estimates were not available at the time of publication.",... ,... , ...,"Estimates were not available at the time of publication.",... ,... , ...,"Estimates were not available at the time of publication.",... ,... , ...,"Estimates were not available at the time of publication.",... ,... , ...,"Estimates were not available at the time of publication.",...,"Estimates were not available at the time of publication."
France,<500 ,<500 , <1000,,<500 ,<500 , <1000,,<500 ,<500 , <1000,,<1000 ,<500 , <1000,,<1000 ,<500 , <1000,,<1000 ,<500 , <1000,,<500 ,<500 , <1000,,<500 ,<500 , <1000,,<1000 ,<500 , <1000,,<1000 ,<500 , <1000,,<1000 ,<500 , <1000,,<1000 ,<500 , <1000,,<1000 ,<500 , <1000,,<1000 ,<500 , <1000,,29,
Gabon,2300 ,1600 , 3300,,2300 ,1500 , 3100,,2000 ,1400 , 2700,,1800 ,1200 , 2500,,1700 ,1200 , 2300,,1800 ,1200 , 2500,,2000 ,1400 , 2700,,2100 ,1500 , 2800,,2200 ,1600 , 2900,,2200 ,1600 , 2900,,2200 ,1600 , 2900,,2200 ,1600 , 2900,,2000 ,1400 , 2700,,1800 ,1300 , 2500,,-25,
Gambia,1500 ,1100 , 2000,,1300 ,<1000 , 1800,,1300 ,<1000 , 1800,,1300 ,<1000 , 1900,,1400 ,<1000 , 2000,,1400 ,<1000 , 2000,,1400 ,<1000 , 2000,,1400 ,<1000 , 2000,,1400 ,<1000 , 2000,,1400 ,<1000 , 2000,,1500 ,1000 , 2000,,1500 ,<1000 , 2100,,1400 ,<1000 , 2000,,1300 ,<1000 , 1900,,-9,
Georgia,<100 ,<100 , <100,,<100 ,<100 , <100,,<100 ,<100 , <100,,<100 ,<100 , <100,,<100 ,<100 , <100,,<100 ,<100 , <100,,<100 ,<100 , <100,,<100 ,<100 , <100,,<100 ,<100 , <100,,<100 ,<100 , <100,,<100 ,<100 , <100,,<100 ,<100 , <100,,<100 ,<100 , <100,,<100 ,<100 , <100,,340,
Germany,<500 ,<500 , <500,,<500 ,<200 , <500,,<500 ,<200 , <500,,<500 ,<200 , <500,,<500 ,<200 , <500,,<500 ,<200 , <500,,<500 ,<200 , <500,,<500 ,<200 , <500,,<500 ,<200 , <500,,<500 ,<200 , <500,,<500 ,<200 , <500,,<500 ,<200 , <500,,... ,... , ...,,... ,... , ...,,...,
Ghana,19 000 ,16 000 , 23 000,,17 000 ,14 000 , 21 000,,16 000 ,12 000 , 19 000,,16 000 ,12 000 , 19 000,,16 000 ,12 000 , 19 000,,16 000 ,12 000 , 19 000,,16 000 ,12 000 , 20 000,,16 000 ,12 000 , 20 000,,16 000 ,12 000 , 19 000,,16 000 ,12 000 , 19 000,,15 000 ,11 000 , 19 000,,14 000 ,10 000 , 18 000,,13 000 ,9300 , 17 000,,12 000 ,8500 , 17 000,,-35,
Greece,<100 ,<100 , <100,,<100 ,<100 , <100,,<100 ,<100 , <100,,<100 ,<100 , <100,,<100 ,<100 , <100,,<100 ,<100 , <100,,<100 ,<100 , <100,,<100 ,<100 , <100,,<100 ,<100 , <100,,<100 ,<100 , <100,,<100 ,<100 , <100,,<100 ,<100 , <100,,<100 ,<100 , <100,,<100 ,<100 , <100,,60,
Guatemala,<1000 ,<1000 , <1000,,<1000 ,<1000 , <1000,,<1000 ,<1000 , <1000,,<1000 ,<500 , <1000,,<1000 ,<500 , <1000,,<1000 ,<1000 , <1000,,<1000 ,<1000 , 1000,,<1000 ,<1000 , 1000,,<1000 ,<1000 , <1000,,<1000 ,<500 , <1000,,<1000 ,<500 , <1000,,<1000 ,<500 , <1000,,<1000 ,<500 , <1000,,<500 ,<500 , <1000,,-18,
Guinea,4400 ,3400 , 5800,,4300 ,3300 , 5800,,4300 ,3400 , 5800,,4300 ,3300 , 5700,,4800 ,3700 , 6300,,4900 ,3800 , 6400,,5200 ,4100 , 6700,,5300 ,4200 , 6700,,5300 ,4200 , 6700,,5000 ,4100 , 6400,,4400 ,3500 , 5600,,3900 ,3100 , 5100,,3600 ,2800 , 4600,,3200 ,2500 , 4200,,-27,
Guinea-Bissau,2300 ,2000 , 2800,,2200 ,1900 , 2700,,2100 ,1700 , 2500,,2100 ,1700 , 2500,,2000 ,1700 , 2400,,1900 ,1600 , 2300,,1800 ,1500 , 2200,,1700 ,1400 , 2200,,1700 ,1400 , 2100,,1500 ,1200 , 1900,,1400 ,1100 , 1800,,1300 ,<1000 , 1700,,1100 ,<1000 , 1500,,1000 ,<1000 , 1400,,-55,
Guyana,<100 ,<100 , <500,,<100 ,<100 , <500,,<100 ,<100 , <500,,<100 ,<100 , <500,,<100 ,<100 , <500,,<200 ,<100 , <500,,<200 ,<100 , <500,,<200 ,<100 , <500,,<200 ,<100 , <500,,<200 ,<100 , <500,,<200 ,<100 , <500,,<200 ,<100 , <500,,<200 ,<100 , <500,,<200 ,<100 , <500,,31,
Haiti,6400 ,5300 , 8000,,6500 ,5500 , 8200,,6000 ,5000 , 7500,,5400 ,4500 , 6800,,5100 ,4200 , 6400,,4900 ,4000 , 6200,,5200 ,4200 , 6500,,4300 ,3500 , 5300,,3100 ,2400 , 4000,,2600 ,2000 , 3400,,1900 ,1500 , 2500,,1600 ,1300 , 2000,,1500 ,1100 , 2000,,1500 ,1100 , 2000,,-77,
Honduras,1400 ,1200 , 1700,,1300 ,1100 , 1600,,1300 ,1000 , 1500,,1100 ,<1000 , 1400,,1000 ,<1000 , 1200,,<1000 ,<1000 , 1200,,<1000 ,<1000 , 1100,,<1000 ,<1000 , 1000,,<1000 ,<1000 , <1000,,<1000 ,<1000 , <1000,,<1000 ,<500 , <1000,,<1000 ,<500 , <1000,,<1000 ,<500 , <1000,,<500 ,<500 , <1000,,-66,
Hungary,... ,... , ...,"Estimates were not available at the time of publication.",... ,... , ...,"Estimates were not available at the time of publication.",... ,... , ...,"Estimates were not available at the time of publication.",... ,... , ...,"Estimates were not available at the time of publication.",... ,... , ...,"Estimates were not available at the time of publication.",... ,... , ...,"Estimates were not available at the time of publication.",... ,... , ...,"Estimates were not available at the time of publication.",... ,... , ...,"Estimates were not available at the time of publication.",... ,... , ...,"Estimates were not available at the time of publication.",... ,... , ...,"Estimates were not available at the time of publication.",... ,... , ...,"Estimates were not available at the time of publication.",... ,... , ...,"Estimates were not available at the time of publication.",... ,... , ...,"Estimates were not available at the time of publication.",... ,... , ...,"Estimates were not available at the time of publication.",...,"Estimates were not available at the time of publication."
Iceland,<100 ,<100 , <100,,<100 ,<100 , <100,,<100 ,<100 , <100,,<100 ,<100 , <100,,<100 ,<100 , <100,,<100 ,<100 , <100,,<100 ,<100 , <100,,<100 ,<100 , <100,,<100 ,<100 , <100,,<100 ,<100 , <100,,<100 ,<100 , <100,,<100 ,<100 , <100,,<100 ,<100 , <100,,<100 ,<100 , <100,,24,
India,,,,,,,,,,,,,,,,,,,,,,,,,,,,,,,,,,,,,,,,,,,,,,,,,,,,,36 000 ,24 000 , 54 000,,-79,
Indonesia,15 000 ,13 000 , 17 000,,17 000 ,15 000 , 20 000,,20 000 ,18 000 , 22 000,,22 000 ,20 000 , 25 000,,24 000 ,21 000 , 27 000,,25 000 ,22 000 , 28 000,,26 000 ,23 000 , 29 000,,27 000 ,24 000 , 30 000,,27 000 ,24 000 , 31 000,,27 000 ,24 000 , 31 000,,27 000 ,24 000 , 31 000,,28 000 ,24 000 , 31 000,,28 000 ,24 000 , 32 000,,27 000 ,24 000 , 31 000,,85,
Iran (Islamic Republic of),2900 ,2000 , 3900,,3100 ,2200 , 4200,,3200 ,2200 , 4300,,3200 ,2200 , 4400,,3100 ,2100 , 4300,,3000 ,2000 , 4300,,2900 ,1900 , 4100,,2600 ,1700 , 4100,,2400 ,1600 , 3800,,2200 ,1400 , 3700,,2100 ,1200 , 3900,,2200 ,1200 , 4200,,2100 ,1200 , 4400,,2000 ,1100 , 4100,,-32,
Iraq,<100 ,<100 , <100,,<100 ,<100 , <100,,<100 ,<100 , <100,,<100 ,<100 , <100,,<100 ,<100 , <100,,<100 ,<100 , <100,,<100 ,<100 , <100,,<100 ,<100 , <100,,<100 ,<100 , <100,,<100 ,<100 , <100,,<100 ,<100 , <100,,<100 ,<100 , <100,,<100 ,<100 , <100,,<100 ,<100 , <100,,189,
Ireland,<100 ,<100 , <100,,<100 ,<100 , <100,,<100 ,<100 , <100,,<100 ,<100 , <100,,<100 ,<100 , <100,,<100 ,<100 , <100,,<100 ,<100 , <100,,<100 ,<100 , <100,,<100 ,<100 , <100,,<100 ,<100 , <100,,<100 ,<100 , <100,,<100 ,<100 , <100,,<100 ,<100 , <100,,<100 ,<100 , <100,,41,
Israel,<100 ,<100 , <100,,<100 ,<100 , <100,,<100 ,<100 , <100,,<100 ,<100 , <100,,<100 ,<100 , <100,,<100 ,<100 , <100,,<100 ,<100 , <100,,<100 ,<100 , <100,,<100 ,<100 , <100,,<100 ,<100 , <100,,<100 ,<100 , <100,,<100 ,<100 , <100,,<100 ,<100 , <100,,<100 ,<100 , <100,,87,
Italy,<1000 ,<1000 , 1000,,<1000 ,<1000 , <1000,,<1000 ,<1000 , <1000,,<1000 ,<1000 , <1000,,<1000 ,<1000 , <1000,,<1000 ,<500 , <1000,,<1000 ,<500 , <1000,,<1000 ,<500 , <1000,,<1000 ,<500 , <1000,,<1000 ,<500 , <1000,,<1000 ,<500 , <1000,,<1000 ,<500 , <1000,,<1000 ,<500 , <1000,,<1000 ,<500 , <1000,,-32,
Jamaica,1100 ,<1000 , 1300,,1100 ,<1000 , 1300,,1100 ,<1000 , 1300,,<1000 ,<1000 , 1200,,<1000 ,<1000 , 1100,,<1000 ,<1000 , 1100,,<1000 ,<1000 , 1000,,<1000 ,<1000 , <1000,,<1000 ,<1000 , <1000,,<1000 ,<1000 , <1000,,<1000 ,<1000 , <1000,,<1000 ,<1000 , 1000,,<1000 ,<1000 , <1000,,<1000 ,<1000 , <1000,,-32,
Japan,... ,... , ...,"Estimates were not available at the time of publication.",... ,... , ...,"Estimates were not available at the time of publication.",... ,... , ...,"Estimates were not available at the time of publication.",... ,... , ...,"Estimates were not available at the time of publication.",... ,... , ...,"Estimates were not available at the time of publication.",... ,... , ...,"Estimates were not available at the time of publication.",... ,... , ...,"Estimates were not available at the time of publication.",... ,... , ...,"Estimates were not available at the time of publication.",... ,... , ...,"Estimates were not available at the time of publication.",... ,... , ...,"Estimates were not available at the time of publication.",... ,... , ...,"Estimates were not available at the time of publication.",... ,... , ...,"Estimates were not available at the time of publication.",... ,... , ...,"Estimates were not available at the time of publication.",... ,... , ...,"Estimates were not available at the time of publication.",...,"Estimates were not available at the time of publication."
Jordan,<100 ,<100 , <100,,<100 ,<100 , <100,,<100 ,<100 , <100,,<100 ,<100 , <100,,<100 ,<100 , <100,,<100 ,<100 , <100,,<100 ,<100 , <100,,<100 ,<100 , <100,,<100 ,<100 , <100,,<100 ,<100 , <100,,<100 ,<100 , <100,,<100 ,<100 , <100,,<100 ,<100 , <100,,<100 ,<100 , <100,,195,
Kazakhstan,... ,... , ...,,... ,... , ...,,... ,... , ...,,... ,... , ...,,... ,... , ...,,... ,... , ...,,... ,... , ...,,... ,... , ...,,... ,... , ...,,... ,... , ...,,... ,... , ...,,... ,... , ...,,... ,... , ...,,... ,... , ...,,...,
Kenya,64 000 ,50 000 , 90 000,,58 000 ,45 000 , 81 000,,54 000 ,41 000 , 75 000,,51 000 ,39 000 , 71 000,,48 000 ,37 000 , 67 000,,43 000 ,33 000 , 60 000,,37 000 ,28 000 , 51 000,,33 000 ,26 000 , 46 000,,30 000 ,23 000 , 41 000,,29 000 ,23 000 , 41 000,,30 000 ,23 000 , 42 000,,29 000 ,22 000 , 41 000,,25 000 ,19 000 , 34 000,,21 000 ,16 000 , 29 000,,-68,
Kuwait,<100 ,<100 , <100,,<100 ,<100 , <100,,<100 ,<100 , <100,,<100 ,<100 , <100,,<100 ,<100 , <100,,<100 ,<100 , <100,,<100 ,<100 , <100,,<100 ,<100 , <100,,<100 ,<100 , <100,,<100 ,<100 , <100,,<100 ,<100 , <100,,<100 ,<100 , <100,,<100 ,<100 , <100,,<100 ,<100 , <100,,207,
Kyrgyzstan,<200 ,<100 , <200,,<200 ,<200 , <200,,<200 ,<200 , <200,,<200 ,<200 , <200,,<200 ,<200 , <200,,<200 ,<200 , <200,,<200 ,<200 , <500,,<200 ,<200 , <500,,<200 ,<200 , <500,,<500 ,<200 , <500,,<500 ,<200 , <500,,<500 ,<200 , <500,,<500 ,<200 , <500,,<200 ,<200 , <500,,65,
Lao People's Democratic Republic,<500 ,<200 , <500,,<500 ,<500 , <500,,<500 ,<500 , <500,,<500 ,<500 , <500,,<500 ,<500 , <500,,<500 ,<500 , <500,,<500 ,<500 , <500,,<500 ,<500 , <500,,<500 ,<500 , <500,,<500 ,<500 , <500,,<500 ,<500 , <500,,<500 ,<500 , <500,,<500 ,<500 , <500,,<500 ,<500 , <500,,64,
Latvia,<500 ,<200 , <500,,<500 ,<500 , <500,,<500 ,<500 , <500,,<500 ,<500 , <500,,<500 ,<500 , <500,,<500 ,<500 , <500,,<500 ,<200 , <500,,<200 ,<200 , <200,,<200 ,<200 , <200,,<200 ,<100 , <200,,... ,... , ...,,... ,... , ...,,... ,... , ...,,... ,... , ...,,...,
Lebanon,<100 ,<100 , <100,,<100 ,<100 , <100,,<100 ,<100 , <100,,<100 ,<100 , <100,,<100 ,<100 , <100,,<100 ,<100 , <100,,<100 ,<100 , <100,,<100 ,<100 , <100,,<100 ,<100 , <100,,<100 ,<100 , <100,,<100 ,<100 , <100,,<100 ,<100 , <100,,<100 ,<100 , <100,,<100 ,<100 , <100,,25,
Lesotho,7600 ,6500 , 11 000,,7100 ,5900 , 10 000,,7200 ,5800 , 10 000,,7300 ,5900 , 11 000,,7400 ,6000 , 11 000,,7200 ,5900 , 10 000,,6600 ,5600 , 8900,,6100 ,5200 , 7900,,5400 ,4600 , 7000,,5300 ,4500 , 6800,,5000 ,4200 , 6300,,4600 ,3800 , 5700,,4300 ,3500 , 5300,,4000 ,3300 , 5000,,-47,
Liberia,3100 ,2700 , 3700,,2800 ,2400 , 3500,,2800 ,2400 , 3500,,2800 ,2400 , 3400,,2700 ,2300 , 3400,,2600 ,2200 , 3300,,2500 ,2100 , 3100,,2100 ,1800 , 2700,,1700 ,1300 , 2200,,1500 ,1100 , 2000,,1300 ,1000 , 1900,,1100 ,<1000 , 1600,,<1000 ,<1000 , 1400,,<1000 ,<1000 , 1200,,-74,
Libya,<100 ,<100 , <100,,<100 ,<100 , <100,,<100 ,<100 , <100,,<100 ,<100 , <100,,<100 ,<100 , <100,,<100 ,<100 , <100,,<100 ,<100 , <100,,<100 ,<100 , <100,,<100 ,<100 , <100,,<100 ,<100 , <100,,<100 ,<100 , <200,,<200 ,<100 , <200,,<200 ,<200 , <200,,<200 ,<200 , <500,,145,
Lithuania,<100 ,<100 , <200,,<100 ,<100 , <200,,<100 ,<100 , <200,,<100 ,<100 , <100,,<100 ,<100 , <100,,<100 ,<100 , <200,,<100 ,<100 , <100,,<100 ,<100 , <100,,<100 ,<100 , <100,,<100 ,<100 , <100,,<100 ,<100 , <100,,<100 ,<100 , <100,,<100 ,<100 , <100,,<100 ,<100 , <100,,-33,
Luxembourg,<100 ,<100 , <100,,<100 ,<100 , <100,,<100 ,<100 , <100,,<100 ,<100 , <100,,<100 ,<100 , <100,,<100 ,<100 , <100,,<100 ,<100 , <100,,<100 ,<100 , <100,,<100 ,<100 , <100,,<100 ,<100 , <100,,<100 ,<100 , <100,,<100 ,<100 , <100,,<100 ,<100 , <100,,<100 ,<100 , <100,,14,
Madagascar,1200 ,<1000 , 1800,,1400 ,<1000 , 1900,,1500 ,1100 , 2100,,1800 ,1300 , 2300,,1900 ,1400 , 2500,,2100 ,1600 , 2600,,2300 ,1700 , 2800,,2500 ,1800 , 3100,,2600 ,2000 , 3300,,2700 ,2000 , 3600,,2900 ,2100 , 3800,,3100 ,2200 , 4200,,3100 ,2100 , 4400,,3100 ,2100 , 4700,,158,
Malawi,37 000 ,32 000 , 45 000,,32 000 ,27 000 , 40 000,,28 000 ,24 000 , 35 000,,24 000 ,20 000 , 30 000,,22 000 ,18 000 , 28 000,,20 000 ,17 000 , 26 000,,19 000 ,16 000 , 24 000,,18 000 ,16 000 , 22 000,,16 000 ,14 000 , 20 000,,14 000 ,12 000 , 18 000,,13 000 ,11 000 , 17 000,,12 000 ,11 000 , 16 000,,12 000 ,10 000 , 15 000,,11 000 ,9400 , 14 000,,-70,
Malaysia,3500 ,2900 , 4100,,3700 ,3100 , 4300,,3900 ,3200 , 4500,,4000 ,3400 , 4600,,3800 ,3300 , 4400,,3500 ,3000 , 4000,,3000 ,2500 , 3400,,2500 ,2100 , 3000,,2500 ,2000 , 3000,,2500 ,2000 , 3000,,2400 ,1900 , 2900,,2300 ,1900 , 2900,,2500 ,2000 , 3100,,2500 ,2000 , 3100,,-28,
Maldives,... ,... , ...,"Estimates were not available at the time of publication.",... ,... , ...,"Estimates were not available at the time of publication.",... ,... , ...,"Estimates were not available at the time of publication.",... ,... , ...,"Estimates were not available at the time of publication.",... ,... , ...,"Estimates were not available at the time of publication.",... ,... , ...,"Estimates were not available at the time of publication.",... ,... , ...,"Estimates were not available at the time of publication.",... ,... , ...,"Estimates were not available at the time of publication.",... ,... , ...,"Estimates were not available at the time of publication.",... ,... , ...,"Estimates were not available at the time of publication.",... ,... , ...,"Estimates were not available at the time of publication.",... ,... , ...,"Estimates were not available at the time of publication.",... ,... , ...,"Estimates were not available at the time of publication.",... ,... , ...,"Estimates were not available at the time of publication.",...,"Estimates were not available at the time of publication."
Mali,5800 ,4400 , 7200,,5500 ,4100 , 6800,,5500 ,4200 , 6900,,5900 ,4600 , 7300,,6100 ,4800 , 7600,,6000 ,4700 , 7400,,5800 ,4400 , 7200,,5700 ,4200 , 7100,,5600 ,4000 , 7000,,5600 ,4000 , 7100,,5400 ,3900 , 7000,,5100 ,3500 , 6700,,4900 ,3300 , 6600,,4400 ,3000 , 6100,,-24,
Malta,<100 ,<100 , <100,,<100 ,<100 , <100,,<100 ,<100 , <100,,<100 ,<100 , <100,,<100 ,<100 , <100,,<100 ,<100 , <100,,<100 ,<100 , <100,,<100 ,<100 , <100,,<100 ,<100 , <100,,<100 ,<100 , <100,,<100 ,<100 , <100,,<100 ,<100 , <100,,<100 ,<100 , <100,,<100 ,<100 , <100,,25,
Mauritania,<1000 ,<500 , <1000,,<1000 ,<500 , <1000,,<1000 ,<500 , <1000,,<1000 ,<500 , <1000,,<1000 ,<500 , <1000,,<500 ,<500 , <1000,,<500 ,<500 , <1000,,<500 ,<500 , <1000,,<500 ,<500 , <500,,<500 ,<500 , <500,,<500 ,<500 , <500,,<500 ,<200 , <500,,<500 ,<200 , <500,,<500 ,<200 , <500,,-61,
Mauritius,<1000 ,<500 , <1000,,<1000 ,<500 , <1000,,<500 ,<500 , <1000,,<500 ,<500 , <1000,,<500 ,<500 , <1000,,<500 ,<500 , <1000,,<1000 ,<500 , <1000,,<1000 ,<500 , <1000,,<1000 ,<500 , <1000,,<1000 ,<1000 , <1000,,<1000 ,<1000 , <1000,,<1000 ,<1000 , <1000,,<1000 ,<1000 , <1000,,<1000 ,<1000 , <1000,,30,
Mexico,4600 ,3600 , 5500,,4800 ,3800 , 5800,,4700 ,3700 , 5700,,4700 ,3600 , 5700,,5000 ,3700 , 6000,,4900 ,3600 , 5900,,4800 ,3600 , 5900,,5200 ,3800 , 6400,,5400 ,4000 , 6600,,5300 ,3800 , 6700,,5200 ,3800 , 6600,,4900 ,3500 , 6200,,4900 ,3500 , 6500,,5100 ,3600 , 6700,,10,
Mongolia,<100 ,<100 , <100,,<100 ,<100 , <100,,<100 ,<100 , <100,,<100 ,<100 , <100,,<100 ,<100 , <100,,<100 ,<100 , <100,,<100 ,<100 , <100,,<100 ,<100 , <100,,<100 ,<100 , <100,,<100 ,<100 , <100,,<100 ,<100 , <100,,<100 ,<100 , <100,,<100 ,<100 , <100,,<100 ,<100 , <100,,35,
Montenegro,<100 ,<100 , <100,,<100 ,<100 , <100,,<100 ,<100 , <100,,<100 ,<100 , <100,,<100 ,<100 , <100,,<100 ,<100 , <100,,<100 ,<100 , <100,,<100 ,<100 , <100,,<100 ,<100 , <100,,<100 ,<100 , <100,,<100 ,<100 , <100,,<100 ,<100 , <100,,<100 ,<100 , <100,,<100 ,<100 , <100,,32,
Morocco,<1000 ,<1000 , 1000,,<1000 ,<1000 , 1000,,<1000 ,<1000 , <1000,,<1000 ,<1000 , <1000,,<1000 ,<1000 , <1000,,<1000 ,<1000 , <1000,,<1000 ,<500 , <1000,,<1000 ,<500 , <1000,,<1000 ,<500 , <1000,,<1000 ,<500 , <1000,,<500 ,<500 , <1000,,<500 ,<500 , <1000,,<500 ,<500 , <1000,,<500 ,<500 , <1000,,-53,
Mozambique,71 000 ,63 000 , 84 000,,71 000 ,62 000 , 84 000,,74 000 ,64 000 , 88 000,,71 000 ,63 000 , 84 000,,62 000 ,56 000 , 73 000,,54 000 ,49 000 , 65 000,,50 000 ,44 000 , 60 000,,48 000 ,42 000 , 57 000,,46 000 ,40 000 , 56 000,,49 000 ,42 000 , 60 000,,50 000 ,43 000 , 61 000,,51 000 ,44 000 , 60 000,,49 000 ,43 000 , 56 000,,44 000 ,38 000 , 51 000,,-38,
Myanmar,12 000 ,11 000 , 14 000,,12 000 ,10 000 , 13 000,,11 000 ,9700 , 13 000,,10 000 ,9100 , 12 000,,9700 ,8200 , 11 000,,9000 ,7400 , 11 000,,8300 ,6600 , 10 000,,7700 ,5800 , 9900,,7300 ,5400 , 9900,,7000 ,4800 , 9900,,6600 ,4400 , 9600,,6200 ,4000 , 9100,,6200 ,4000 , 9300,,6400 ,4100 , 9600,,-47,
Namibia,5500 ,4600 , 6700,,5100 ,4400 , 6200,,5000 ,4300 , 6100,,4700 ,4000 , 5800,,4500 ,3700 , 5800,,5000 ,4200 , 6400,,5000 ,4200 , 6300,,5200 ,4300 , 6500,,4900 ,4100 , 6000,,4600 ,3900 , 5600,,4200 ,3600 , 5000,,3900 ,3300 , 4700,,3700 ,3100 , 4500,,3700 ,3000 , 4400,,-33,
Nepal,1700 ,1400 , 2000,,1600 ,1400 , 1900,,1600 ,1300 , 1800,,1500 ,1200 , 1800,,1400 ,1100 , 1600,,1300 ,1000 , 1500,,1200 ,<1000 , 1400,,1100 ,<1000 , 1300,,<1000 ,<1000 , 1100,,<1000 ,<1000 , <1000,,<1000 ,<500 , <1000,,<500 ,<500 , <1000,,<500 ,<500 , <500,,<500 ,<200 , <500,,-86,
Netherlands,<100 ,<100 , <200,,<100 ,<100 , <200,,<100 ,<100 , <200,,<100 ,<100 , <200,,<100 ,<100 , <200,,<100 ,<100 , <200,,<100 ,<100 , <200,,<100 ,<100 , <200,,<100 ,<100 , <200,,<100 ,<100 , <200,,<100 ,<100 , <200,,<100 ,<100 , <200,,<100 ,<100 , <200,,... ,... , ...,,...,
New Zealand,<100 ,<100 , <100,,<100 ,<100 , <100,,<100 ,<100 , <100,,<100 ,<100 , <100,,<100 ,<100 , <100,,<100 ,<100 , <100,,<100 ,<100 , <100,,<100 ,<100 , <100,,<100 ,<100 , <100,,<100 ,<100 , <100,,<100 ,<100 , <100,,<100 ,<100 , <100,,<100 ,<100 , <100,,<100 ,<100 , <100,,-18,
Nicaragua,<500 ,<500 , <1000,,<500 ,<500 , <500,,<500 ,<500 , <500,,<500 ,<200 , <500,,<500 ,<200 , <500,,<500 ,<200 , <500,,<500 ,<200 , <500,,<500 ,<200 , <500,,<500 ,<200 , <500,,<200 ,<100 , <500,,<200 ,<100 , <500,,<200 ,<200 , <500,,<200 ,<200 , <500,,<200 ,<100 , <500,,-52,
Niger,2500 ,2000 , 3000,,2300 ,1900 , 2800,,2000 ,1600 , 2500,,1900 ,1500 , 2300,,1800 ,1500 , 2200,,1900 ,1500 , 2300,,1600 ,1300 , 1900,,1400 ,1200 , 1700,,1300 ,1100 , 1500,,1100 ,<1000 , 1400,,1100 ,<1000 , 1300,,1100 ,<1000 , 1300,,1000 ,<1000 , 1200,,<1000 ,<1000 , 1200,,-62,
Nigeria,95 000 ,82 000 , 110 000,,96 000 ,84 000 , 120 000,,90 000 ,78 000 , 110 000,,81 000 ,70 000 , 97 000,,74 000 ,64 000 , 92 000,,72 000 ,62 000 , 89 000,,69 000 ,59 000 , 86 000,,67 000 ,58 000 , 85 000,,70 000 ,59 000 , 87 000,,68 000 ,58 000 , 86 000,,60 000 ,53 000 , 76 000,,53 000 ,47 000 , 68 000,,49 000 ,43 000 , 59 000,,45 000 ,39 000 , 54 000,,-52,
North Macedonia,<100 ,<100 , <100,,<100 ,<100 , <100,,<100 ,<100 , <100,,<100 ,<100 , <100,,<100 ,<100 , <100,,<100 ,<100 , <100,,<100 ,<100 , <100,,<100 ,<100 , <100,,<100 ,<100 , <100,,<100 ,<100 , <100,,<100 ,<100 , <100,,<100 ,<100 , <100,,<100 ,<100 , <100,,<100 ,<100 , <100,,115,
Norway,... ,... , ...,"Estimates were not available at the time of publication.",... ,... , ...,"Estimates were not available at the time of publication.",... ,... , ...,"Estimates were not available at the time of publication.",... ,... , ...,"Estimates were not available at the time of publication.",... ,... , ...,"Estimates were not available at the time of publication.",... ,... , ...,"Estimates were not available at the time of publication.",... ,... , ...,"Estimates were not available at the time of publication.",... ,... , ...,"Estimates were not available at the time of publication.",... ,... , ...,"Estimates were not available at the time of publication.",... ,... , ...,"Estimates were not available at the time of publication.",... ,... , ...,"Estimates were not available at the time of publication.",... ,... , ...,"Estimates were not available at the time of publication.",... ,... , ...,"Estimates were not available at the time of publication.",... ,... , ...,"Estimates were not available at the time of publication.",...,"Estimates were not available at the time of publication."
Oman,<100 ,<100 , <100,,<100 ,<100 , <100,,<100 ,<100 , <100,,<100 ,<100 , <100,,<100 ,<100 , <100,,<100 ,<100 , <200,,<100 ,<100 , <200,,<100 ,<100 , <200,,<100 ,<100 , <200,,<100 ,<100 , <100,,<100 ,<100 , <100,,<100 ,<100 , <100,,<100 ,<100 , <100,,<100 ,<100 , <100,,28,
Pakistan,2200 ,1800 , 2600,,3000 ,2400 , 3500,,3700 ,3100 , 4400,,4500 ,3800 , 5300,,5300 ,4500 , 6200,,6100 ,5100 , 7000,,6700 ,5700 , 7700,,7200 ,6200 , 8300,,7700 ,6600 , 8800,,8200 ,7000 , 9300,,9100 ,7800 , 10 000,,10 000 ,9000 , 12 000,,11 000 ,9400 , 12 000,,11 000 ,9600 , 13 000,,414,
Panama,<500 ,<500 , <1000,,<1000 ,<500 , <1000,,<1000 ,<500 , <1000,,<1000 ,<500 , <1000,,<1000 ,<500 , <1000,,<1000 ,<500 , <1000,,<500 ,<500 , <1000,,<500 ,<500 , <1000,,<500 ,<500 , <1000,,<1000 ,<500 , <1000,,<1000 ,<500 , <1000,,<1000 ,<1000 , <1000,,<1000 ,<500 , <1000,,<500 ,<500 , <500,,-18,
Papua New Guinea,<1000 ,<1000 , 1100,,<1000 ,<1000 , 1200,,<1000 ,<1000 , 1200,,<1000 ,<1000 , 1100,,<1000 ,<1000 , <1000,,<1000 ,<1000 , <1000,,<1000 ,<1000 , <1000,,<1000 ,<1000 , 1100,,<1000 ,<1000 , 1100,,<1000 ,<1000 , 1200,,1000 ,<1000 , 1200,,1100 ,<1000 , 1300,,1100 ,<1000 , 1300,,<1000 ,<1000 , 1200,,12,
Paraguay,<500 ,<200 , <500,,<500 ,<200 , <500,,<500 ,<200 , <500,,<500 ,<500 , <500,,<500 ,<500 , <1000,,<500 ,<500 , <1000,,<500 ,<500 , <1000,,<500 ,<500 , <1000,,<500 ,<500 , <1000,,<500 ,<500 , <1000,,<500 ,<500 , <1000,,<500 ,<500 , <1000,,<500 ,<500 , <1000,,<500 ,<500 , <1000,,68,
Peru,1800 ,1300 , 2300,,1400 ,<1000 , 1900,,1300 ,<1000 , 1800,,1300 ,<1000 , 1800,,1300 ,<1000 , 1900,,1300 ,<1000 , 1900,,1300 ,<1000 , 1800,,1100 ,<1000 , 1500,,<1000 ,<1000 , 1300,,<1000 ,<1000 , 1100,,<1000 ,<1000 , 1100,,<1000 ,<1000 , 1100,,<1000 ,<1000 , 1100,,<1000 ,<1000 , 1200,,-56,
Philippines,<500 ,<500 , <500,,<500 ,<500 , <500,,<500 ,<500 , <500,,<500 ,<500 , <1000,,<1000 ,<500 , <1000,,<1000 ,<500 , <1000,,<1000 ,<500 , <1000,,<1000 ,<1000 , <1000,,<1000 ,<1000 , 1100,,<1000 ,<1000 , 1300,,1100 ,<1000 , 1500,,1400 ,<1000 , 1900,,1700 ,1200 , 2300,,2000 ,1400 , 2700,,602,
Poland,... ,... , ...,"Estimates were not available at the time of publication.",... ,... , ...,"Estimates were not available at the time of publication.",... ,... , ...,"Estimates were not available at the time of publication.",... ,... , ...,"Estimates were not available at the time of publication.",... ,... , ...,"Estimates were not available at the time of publication.",... ,... , ...,"Estimates were not available at the time of publication.",... ,... , ...,"Estimates were not available at the time of publication.",... ,... , ...,"Estimates were not available at the time of publication.",... ,... , ...,"Estimates were not available at the time of publication.",... ,... , ...,"Estimates were not available at the time of publication.",... ,... , ...,"Estimates were not available at the time of publication.",... ,... , ...,"Estimates were not available at the time of publication.",... ,... , ...,"Estimates were not available at the time of publication.",... ,... , ...,"Estimates were not available at the time of publication.",...,"Estimates were not available at the time of publication."
Portugal,<1000 ,<1000 , <1000,,<1000 ,<1000 , <1000,,<1000 ,<500 , <1000,,<500 ,<500 , <1000,,<500 ,<500 , <500,,<500 ,<500 , <500,,<500 ,<500 , <500,,<500 ,<500 , <500,,<500 ,<200 , <500,,<500 ,<200 , <500,,<500 ,<200 , <500,,<500 ,<200 , <500,,<200 ,<200 , <500,,<200 ,<200 , <500,,-74,
Qatar,<100 ,<100 , <100,,<100 ,<100 , <100,,<100 ,<100 , <100,,<100 ,<100 , <100,,<100 ,<100 , <100,,<100 ,<100 , <100,,<100 ,<100 , <100,,<100 ,<100 , <100,,<100 ,<100 , <100,,<100 ,<100 , <100,,<100 ,<100 , <100,,<100 ,<100 , <100,,<100 ,<100 , <100,,<100 ,<100 , <100,,262,
Republic of Korea,... ,... , ...,"Estimates were not available at the time of publication.",... ,... , ...,"Estimates were not available at the time of publication.",... ,... , ...,"Estimates were not available at the time of publication.",... ,... , ...,"Estimates were not available at the time of publication.",... ,... , ...,"Estimates were not available at the time of publication.",... ,... , ...,"Estimates were not available at the time of publication.",... ,... , ...,"Estimates were not available at the time of publication.",... ,... , ...,"Estimates were not available at the time of publication.",... ,... , ...,"Estimates were not available at the time of publication.",... ,... , ...,"Estimates were not available at the time of publication.",... ,... , ...,"Estimates were not available at the time of publication.",... ,... , ...,"Estimates were not available at the time of publication.",... ,... , ...,"Estimates were not available at the time of publication.",... ,... , ...,"Estimates were not available at the time of publication.",...,"Estimates were not available at the time of publication."
Republic of Moldova,<1000 ,<1000 , 1300,,<1000 ,<1000 , 1300,,<1000 ,<1000 , 1300,,<1000 ,<1000 , 1200,,<1000 ,<1000 , 1200,,<1000 ,<1000 , 1100,,<1000 ,<500 , 1000,,<1000 ,<500 , <1000,,<1000 ,<500 , <1000,,<1000 ,<500 , <1000,,<1000 ,<500 , <1000,,<1000 ,<500 , <1000,,<1000 ,<500 , <1000,,<500 ,<500 , <1000,,-50,
Romania,<500 ,<500 , <500,,<500 ,<500 , <500,,<500 ,<500 , <500,,<500 ,<500 , <500,,<500 ,<500 , <500,,<500 ,<200 , <500,,<200 ,<200 , <500,,<200 ,<200 , <500,,<200 ,<200 , <500,,<200 ,<200 , <500,,<200 ,<200 , <200,,<200 ,<200 , <500,,<200 ,<200 , <200,,<200 ,<200 , <500,,-39,
Russian Federation,... ,... , ...,"Estimates were not available at the time of publication.",... ,... , ...,"Estimates were not available at the time of publication.",... ,... , ...,"Estimates were not available at the time of publication.",... ,... , ...,"Estimates were not available at the time of publication.",... ,... , ...,"Estimates were not available at the time of publication.",... ,... , ...,"Estimates were not available at the time of publication.",... ,... , ...,"Estimates were not available at the time of publication.",... ,... , ...,"Estimates were not available at the time of publication.",... ,... , ...,"Estimates were not available at the time of publication.",... ,... , ...,"Estimates were not available at the time of publication.",... ,... , ...,"Estimates were not available at the time of publication.",... ,... , ...,"Estimates were not available at the time of publication.",... ,... , ...,"Estimates were not available at the time of publication.",... ,... , ...,"Estimates were not available at the time of publication.",...,"Estimates were not available at the time of publication."
Rwanda,6800 ,5400 , 9200,,6000 ,4600 , 8400,,5300 ,4100 , 7600,,4800 ,3700 , 6800,,4400 ,3500 , 6200,,4000 ,3300 , 5700,,3800 ,3200 , 5200,,3400 ,2900 , 4700,,3200 ,2700 , 4500,,3100 ,2600 , 4400,,2900 ,2400 , 4100,,2800 ,2300 , 4000,,2700 ,2200 , 3700,,2600 ,2100 , 3500,,-62,
Saint Kitts and Nevis,<100 ,<100 , <100,"Countries with a UNAIDS-approved estimate and population <250 000 in 2021; not included in regional or global totals.",<100 ,<100 , <100,"Countries with a UNAIDS-approved estimate and population <250 000 in 2021; not included in regional or global totals.",<100 ,<100 , <100,"Countries with a UNAIDS-approved estimate and population <250 000 in 2021; not included in regional or global totals.",<100 ,<100 , <100,"Countries with a UNAIDS-approved estimate and population <250 000 in 2021; not included in regional or global totals.",<100 ,<100 , <100,"Countries with a UNAIDS-approved estimate and population <250 000 in 2021; not included in regional or global totals.",<100 ,<100 , <100,"Countries with a UNAIDS-approved estimate and population <250 000 in 2021; not included in regional or global totals.",<100 ,<100 , <100,"Countries with a UNAIDS-approved estimate and population <250 000 in 2021; not included in regional or global totals.",<100 ,<100 , <100,"Countries with a UNAIDS-approved estimate and population <250 000 in 2021; not included in regional or global totals.",<100 ,<100 , <100,"Countries with a UNAIDS-approved estimate and population <250 000 in 2021; not included in regional or global totals.",<100 ,<100 , <100,"Countries with a UNAIDS-approved estimate and population <250 000 in 2021; not included in regional or global totals.",<100 ,<100 , <100,"Countries with a UNAIDS-approved estimate and population <250 000 in 2021; not included in regional or global totals.",<100 ,<100 , <100,"Countries with a UNAIDS-approved estimate and population <250 000 in 2021; not included in regional or global totals.",<100 ,<100 , <100,"Countries with a UNAIDS-approved estimate and population <250 000 in 2021; not included in regional or global totals.",<100 ,<100 , <100,"Countries with a UNAIDS-approved estimate and population <250 000 in 2021; not included in regional or global totals.",-12,"Countries with a UNAIDS-approved estimate and population <250 000 in 2021; not included in regional or global totals."
Saint Lucia,<100 ,<100 , <100,"Countries with a UNAIDS-approved estimate and population <250 000 in 2021; not included in regional or global totals.",<100 ,<100 , <100,"Countries with a UNAIDS-approved estimate and population <250 000 in 2021; not included in regional or global totals.",<100 ,<100 , <100,"Countries with a UNAIDS-approved estimate and population <250 000 in 2021; not included in regional or global totals.",<100 ,<100 , <100,"Countries with a UNAIDS-approved estimate and population <250 000 in 2021; not included in regional or global totals.",<100 ,<100 , <100,"Countries with a UNAIDS-approved estimate and population <250 000 in 2021; not included in regional or global totals.",<100 ,<100 , <100,"Countries with a UNAIDS-approved estimate and population <250 000 in 2021; not included in regional or global totals.",<100 ,<100 , <100,"Countries with a UNAIDS-approved estimate and population <250 000 in 2021; not included in regional or global totals.",<100 ,<100 , <100,"Countries with a UNAIDS-approved estimate and population <250 000 in 2021; not included in regional or global totals.",<100 ,<100 , <100,"Countries with a UNAIDS-approved estimate and population <250 000 in 2021; not included in regional or global totals.",<100 ,<100 , <100,"Countries with a UNAIDS-approved estimate and population <250 000 in 2021; not included in regional or global totals.",<100 ,<100 , <100,"Countries with a UNAIDS-approved estimate and population <250 000 in 2021; not included in regional or global totals.",<100 ,<100 , <100,"Countries with a UNAIDS-approved estimate and population <250 000 in 2021; not included in regional or global totals.",<100 ,<100 , <100,"Countries with a UNAIDS-approved estimate and population <250 000 in 2021; not included in regional or global totals.",<100 ,<100 , <100,"Countries with a UNAIDS-approved estimate and population <250 000 in 2021; not included in regional or global totals.",229,"Countries with a UNAIDS-approved estimate and population <250 000 in 2021; not included in regional or global totals."
Sao Tome and Principe,... ,... , ...,"Estimates were not available at the time of publication.",... ,... , ...,"Estimates were not available at the time of publication.",... ,... , ...,"Estimates were not available at the time of publication.",... ,... , ...,"Estimates were not available at the time of publication.",... ,... , ...,"Estimates were not available at the time of publication.",... ,... , ...,"Estimates were not available at the time of publication.",... ,... , ...,"Estimates were not available at the time of publication.",... ,... , ...,"Estimates were not available at the time of publication.",... ,... , ...,"Estimates were not available at the time of publication.",... ,... , ...,"Estimates were not available at the time of publication.",... ,... , ...,"Estimates were not available at the time of publication.",... ,... , ...,"Estimates were not available at the time of publication.",... ,... , ...,"Estimates were not available at the time of publication.",... ,... , ...,"Estimates were not available at the time of publication.",...,"Estimates were not available at the time of publication."
Saudi Arabia,<500 ,<500 , <500,,<500 ,<500 , <500,,<500 ,<500 , <500,,<500 ,<500 , <500,,<500 ,<500 , <500,,<500 ,<500 , <500,,<500 ,<200 , <500,,<200 ,<200 , <200,,<200 ,<200 , <200,,<200 ,<100 , <200,,<200 ,<100 , <200,,<200 ,<100 , <200,,<200 ,<100 , <200,,<200 ,<100 , <200,,-68,
Senegal,1700 ,1300 , 2200,,1700 ,1400 , 2200,,1900 ,1500 , 2500,,2000 ,1500 , 2600,,1900 ,1500 , 2500,,1700 ,1400 , 2300,,1600 ,1200 , 2100,,1500 ,1200 , 1900,,1300 ,<1000 , 1700,,1100 ,<1000 , 1500,,<1000 ,<1000 , 1300,,<1000 ,<1000 , 1200,,<1000 ,<1000 , 1200,,<1000 ,<1000 , 1100,,-50,
Serbia,<100 ,<100 , <100,,<100 ,<100 , <100,,<100 ,<100 , <100,,<100 ,<100 , <100,,<100 ,<100 , <100,,<100 ,<100 , <100,,<100 ,<100 , <100,,<100 ,<100 , <100,,<100 ,<100 , <100,,<100 ,<100 , <100,,<100 ,<100 , <100,,<100 ,<100 , <100,,<100 ,<100 , <100,,<100 ,<100 , <100,,87,
Sierra Leone,3600 ,2900 , 4400,,3400 ,2800 , 4200,,3300 ,2700 , 4100,,3500 ,2800 , 4200,,3600 ,3000 , 4400,,3400 ,2800 , 4200,,3200 ,2600 , 3900,,2900 ,2300 , 3600,,2700 ,2100 , 3400,,2600 ,2000 , 3300,,2500 ,1900 , 3200,,2300 ,1800 , 3000,,2100 ,1700 , 2700,,1800 ,1400 , 2400,,-48,
Singapore,<100 ,<100 , <100,,<100 ,<100 , <100,,<100 ,<100 , <100,,<100 ,<100 , <100,,<100 ,<100 , <100,,<100 ,<100 , <100,,<100 ,<100 , <100,,<100 ,<100 , <100,,<100 ,<100 , <100,,<100 ,<100 , <100,,<100 ,<100 , <100,,<100 ,<100 , <100,,<100 ,<100 , <100,,<100 ,<100 , <100,,-8,
Slovakia,<100 ,<100 , <100,,<100 ,<100 , <100,,<100 ,<100 , <100,,<100 ,<100 , <100,,<100 ,<100 , <100,,<100 ,<100 , <100,,<100 ,<100 , <100,,<100 ,<100 , <100,,<100 ,<100 , <100,,<100 ,<100 , <100,,<100 ,<100 , <100,,<100 ,<100 , <100,,<100 ,<100 , <100,,<100 ,<100 , <100,,49,
Slovenia,<100 ,<100 , <100,,<100 ,<100 , <100,,<100 ,<100 , <100,,<100 ,<100 , <100,,<100 ,<100 , <100,,<100 ,<100 , <100,,<100 ,<100 , <100,,<100 ,<100 , <100,,<100 ,<100 , <100,,<100 ,<100 , <100,,<100 ,<100 , <100,,<100 ,<100 , <100,,<100 ,<100 , <100,,<100 ,<100 , <100,,53,
Somalia,1500 ,1300 , 1900,,1400 ,1200 , 1700,,1300 ,1000 , 1500,,1100 ,<1000 , 1400,,1100 ,<1000 , 1300,,<1000 ,<1000 , 1200,,<1000 ,<1000 , 1100,,<1000 ,<1000 , 1000,,<1000 ,<1000 , <1000,,<1000 ,<1000 , <1000,,<1000 ,<500 , <1000,,<1000 ,<500 , <1000,,<500 ,<500 , <1000,,<500 ,<500 , <1000,,-74,
South Africa,150 000 ,120 000 , 180 000,,120 000 ,94 000 , 150 000,,98 000 ,77 000 , 130 000,,82 000 ,67 000 , 100 000,,71 000 ,58 000 , 91 000,,67 000 ,55 000 , 85 000,,67 000 ,55 000 , 84 000,,65 000 ,54 000 , 80 000,,61 000 ,51 000 , 75 000,,57 000 ,48 000 , 71 000,,55 000 ,46 000 , 68 000,,52 000 ,43 000 , 65 000,,51 000 ,42 000 , 63 000,,50 000 ,42 000 , 64 000,,-66,
South Sudan,12 000 ,9500 , 17 000,,13 000 ,9900 , 17 000,,13 000 ,10 000 , 18 000,,13 000 ,10 000 , 18 000,,13 000 ,10 000 , 18 000,,12 000 ,8800 , 16 000,,11 000 ,8400 , 15 000,,10 000 ,7600 , 14 000,,8500 ,6200 , 12 000,,7700 ,5300 , 11 000,,7300 ,5000 , 10 000,,6700 ,4500 , 9500,,6400 ,4100 , 8900,,5600 ,3500 , 8200,,-55,
Spain,1100 ,<1000 , 1300,,<1000 ,<1000 , 1200,,<1000 ,<1000 , 1100,,<1000 ,<1000 , 1000,,<1000 ,<1000 , <1000,,<1000 ,<1000 , <1000,,<1000 ,<1000 , <1000,,<1000 ,<500 , <1000,,<1000 ,<500 , <1000,,<1000 ,<500 , <1000,,<1000 ,<500 , <1000,,<1000 ,<500 , <1000,,<1000 ,<500 , <1000,,<1000 ,<500 , <1000,,-42,
Sri Lanka,<500 ,<500 , <500,,<500 ,<500 , <500,,<500 ,<500 , <500,,<500 ,<500 , <500,,<500 ,<500 , <500,,<500 ,<500 , <500,,<500 ,<500 , <500,,<500 ,<500 , <500,,<200 ,<200 , <500,,<200 ,<200 , <200,,<200 ,<200 , <200,,<200 ,<200 , <200,,<200 ,<100 , <200,,<100 ,<100 , <100,,-75,
Sudan,1600 ,1100 , 2300,,1700 ,1200 , 2400,,1800 ,1300 , 2500,,1800 ,1300 , 2600,,1900 ,1300 , 2600,,1900 ,1400 , 2700,,1900 ,1300 , 2700,,1800 ,1200 , 2600,,1800 ,1200 , 2600,,1800 ,1200 , 2700,,1800 ,1200 , 2800,,1900 ,1200 , 3000,,2100 ,1300 , 3400,,2300 ,1500 , 3700,,43,
Suriname,<500 ,<200 , <500,,<500 ,<200 , <500,,<200 ,<200 , <500,,<200 ,<200 , <500,,<200 ,<200 , <200,,<200 ,<200 , <500,,<200 ,<200 , <500,,<200 ,<200 , <500,,<200 ,<200 , <500,,<200 ,<200 , <500,,<200 ,<200 , <500,,<200 ,<200 , <500,,<500 ,<200 , <500,,<500 ,<200 , <500,,32,
Sweden,... ,... , ...,,... ,... , ...,,... ,... , ...,,... ,... , ...,,... ,... , ...,,... ,... , ...,,... ,... , ...,,... ,... , ...,,... ,... , ...,,... ,... , ...,,... ,... , ...,,... ,... , ...,,... ,... , ...,,... ,... , ...,,...,
Switzerland,<100 ,<100 , <100,,<100 ,<100 , <100,,<100 ,<100 , <100,,<100 ,<100 , <100,,<100 ,<100 , <100,,<100 ,<100 , <100,,<100 ,<100 , <100,,<100 ,<100 , <100,,<100 ,<100 , <100,,<100 ,<100 , <100,,<100 ,<100 , <100,,<100 ,<100 , <100,,<100 ,<100 , <100,,<100 ,<100 , <100,,-13,
Syrian Arab Republic,<100 ,<100 , <100,,<100 ,<100 , <100,,<100 ,<100 , <100,,<100 ,<100 , <100,,<100 ,<100 , <100,,<100 ,<100 , <100,,<100 ,<100 , <100,,<100 ,<100 , <100,,<100 ,<100 , <100,,<100 ,<100 , <100,,<100 ,<100 , <100,,<100 ,<100 , <100,,<100 ,<100 , <100,,<100 ,<100 , <100,,-17,
Tajikistan,<500 ,<500 , <1000,,<500 ,<500 , <1000,,<1000 ,<500 , <1000,,<1000 ,<500 , <1000,,<1000 ,<500 , <1000,,<500 ,<500 , <1000,,<500 ,<500 , <1000,,<500 ,<500 , <500,,<500 ,<500 , <500,,<500 ,<500 , <500,,<500 ,<500 , <500,,<500 ,<500 , <500,,<500 ,<500 , <500,,<500 ,<500 , <500,,-42,
Thailand,35 000 ,30 000 , 42 000,,32 000 ,27 000 , 38 000,,29 000 ,24 000 , 36 000,,28 000 ,23 000 , 34 000,,26 000 ,21 000 , 32 000,,24 000 ,20 000 , 30 000,,22 000 ,18 000 , 27 000,,21 000 ,16 000 , 26 000,,19 000 ,15 000 , 24 000,,17 000 ,13 000 , 22 000,,16 000 ,12 000 , 21 000,,14 000 ,11 000 , 19 000,,13 000 ,10 000 , 18 000,,12 000 ,9100 , 16 000,,-65,
Timor-Leste,<100 ,<100 , <100,,<100 ,<100 , <100,,<100 ,<100 , <100,,<100 ,<100 , <100,,<100 ,<100 , <100,,<100 ,<100 , <100,,<100 ,<100 , <100,,<100 ,<100 , <100,,<100 ,<100 , <100,,<100 ,<100 , <100,,<100 ,<100 , <100,,<100 ,<100 , <100,,<100 ,<100 , <100,,<100 ,<100 , <100,,-46,
Togo,6600 ,5000 , 9000,,5700 ,4200 , 7800,,5400 ,4000 , 7600,,5300 ,3900 , 7400,,5200 ,3800 , 7200,,4800 ,3500 , 6700,,4300 ,3200 , 6000,,4100 ,3100 , 5600,,3600 ,2800 , 5000,,3100 ,2400 , 4400,,2800 ,2100 , 3900,,2500 ,1900 , 3700,,2300 ,1700 , 3400,,2300 ,1700 , 3400,,-66,
Trinidad and Tobago,... ,... , ...,"Estimates were not available at the time of publication.",... ,... , ...,"Estimates were not available at the time of publication.",... ,... , ...,"Estimates were not available at the time of publication.",... ,... , ...,"Estimates were not available at the time of publication.",... ,... , ...,"Estimates were not available at the time of publication.",... ,... , ...,"Estimates were not available at the time of publication.",... ,... , ...,"Estimates were not available at the time of publication.",... ,... , ...,"Estimates were not available at the time of publication.",... ,... , ...,"Estimates were not available at the time of publication.",... ,... , ...,"Estimates were not available at the time of publication.",... ,... , ...,"Estimates were not available at the time of publication.",... ,... , ...,"Estimates were not available at the time of publication.",... ,... , ...,"Estimates were not available at the time of publication.",... ,... , ...,"Estimates were not available at the time of publication.",...,"Estimates were not available at the time of publication."
Tunisia,<200 ,<200 , <500,,<500 ,<200 , <500,,<500 ,<200 , <500,,<500 ,<200 , <500,,<500 ,<200 , <500,,<500 ,<200 , <1000,,<500 ,<500 , <1000,,<500 ,<500 , <1000,,<500 ,<500 , <1000,,<500 ,<500 , <1000,,<500 ,<500 , <1000,,<500 ,<500 , <1000,,<500 ,<500 , <1000,,<500 ,<500 , <1000,,88,
Turkmenistan,... ,... , ...,"Estimates were not available at the time of publication.",... ,... , ...,"Estimates were not available at the time of publication.",... ,... , ...,"Estimates were not available at the time of publication.",... ,... , ...,"Estimates were not available at the time of publication.",... ,... , ...,"Estimates were not available at the time of publication.",... ,... , ...,"Estimates were not available at the time of publication.",... ,... , ...,"Estimates were not available at the time of publication.",... ,... , ...,"Estimates were not available at the time of publication.",... ,... , ...,"Estimates were not available at the time of publication.",... ,... , ...,"Estimates were not available at the time of publication.",... ,... , ...,"Estimates were not available at the time of publication.",... ,... , ...,"Estimates were not available at the time of publication.",... ,... , ...,"Estimates were not available at the time of publication.",... ,... , ...,"Estimates were not available at the time of publication.",...,"Estimates were not available at the time of publication."
TÃ¼rkiye,... ,... , ...,"Estimates were not available at the time of publication.",... ,... , ...,"Estimates were not available at the time of publication.",... ,... , ...,"Estimates were not available at the time of publication.",... ,... , ...,"Estimates were not available at the time of publication.",... ,... , ...,"Estimates were not available at the time of publication.",... ,... , ...,"Estimates were not available at the time of publication.",... ,... , ...,"Estimates were not available at the time of publication.",... ,... , ...,"Estimates were not available at the time of publication.",... ,... , ...,"Estimates were not available at the time of publication.",... ,... , ...,"Estimates were not available at the time of publication.",... ,... , ...,"Estimates were not available at the time of publication.",... ,... , ...,"Estimates were not available at the time of publication.",... ,... , ...,"Estimates were not available at the time of publication.",... ,... , ...,"Estimates were not available at the time of publication.",,
Uganda,53 000 ,48 000 , 62 000,,48 000 ,43 000 , 57 000,,45 000 ,39 000 , 54 000,,39 000 ,33 000 , 48 000,,34 000 ,30 000 , 43 000,,30 000 ,26 000 , 39 000,,29 000 ,23 000 , 38 000,,27 000 ,21 000 , 35 000,,24 000 ,19 000 , 32 000,,22 000 ,17 000 , 29 000,,21 000 ,16 000 , 28 000,,21 000 ,15 000 , 28 000,,21 000 ,16 000 , 28 000,,20 000 ,15 000 , 27 000,,-63,
Ukraine,16 000 ,13 000 , 19 000,,16 000 ,13 000 , 19 000,,15 000 ,12 000 , 17 000,,13 000 ,10 000 , 15 000,,11 000 ,8600 , 14 000,,11 000 ,8800 , 14 000,,10 000 ,7700 , 13 000,,7900 ,5700 , 10 000,,6600 ,4700 , 8900,,5500 ,3800 , 7600,,5000 ,3500 , 7100,,4800 ,3300 , 6800,,... ,... , ...,,... ,... , ...,,...,
United Arab Emirates,... ,... , ...,,... ,... , ...,,... ,... , ...,,... ,... , ...,,... ,... , ...,,... ,... , ...,,... ,... , ...,,... ,... , ...,,... ,... , ...,,... ,... , ...,,... ,... , ...,,... ,... , ...,,... ,... , ...,,... ,... , ...,,...,
United Kingdom,... ,... , ...,"Estimates were not available at the time of publication.",... ,... , ...,"Estimates were not available at the time of publication.",... ,... , ...,"Estimates were not available at the time of publication.",... ,... , ...,"Estimates were not available at the time of publication.",... ,... , ...,"Estimates were not available at the time of publication.",... ,... , ...,"Estimates were not available at the time of publication.",... ,... , ...,"Estimates were not available at the time of publication.",... ,... , ...,"Estimates were not available at the time of publication.",... ,... , ...,"Estimates were not available at the time of publication.",... ,... , ...,"Estimates were not available at the time of publication.",... ,... , ...,"Estimates were not available at the time of publication.",... ,... , ...,"Estimates were not available at the time of publication.",... ,... , ...,"Estimates were not available at the time of publication.",... ,... , ...,"Estimates were not available at the time of publication.",...,"Estimates were not available at the time of publication."
United Republic of Tanzania,53 000 ,46 000 , 64 000,,51 000 ,43 000 , 63 000,,47 000 ,40 000 , 58 000,,40 000 ,33 000 , 50 000,,37 000 ,31 000 , 47 000,,36 000 ,30 000 , 46 000,,36 000 ,30 000 , 46 000,,36 000 ,30 000 , 46 000,,34 000 ,28 000 , 44 000,,34 000 ,28 000 , 43 000,,31 000 ,25 000 , 41 000,,28 000 ,22 000 , 37 000,,26 000 ,21 000 , 35 000,,25 000 ,21 000 , 33 000,,-52,
United States,... ,... , ...,,... ,... , ...,,... ,... , ...,,... ,... , ...,,... ,... , ...,,... ,... , ...,,... ,... , ...,,... ,... , ...,,... ,... , ...,,... ,... , ...,,... ,... , ...,,... ,... , ...,,... ,... , ...,,... ,... , ...,,...,
Uruguay,<500 ,<200 , <500,,<500 ,<200 , <500,,<500 ,<200 , <500,,<500 ,<200 , <500,,<200 ,<200 , <500,,<200 ,<200 , <500,,<500 ,<200 , <500,,<500 ,<200 , <500,,<500 ,<200 , <500,,<200 ,<200 , <500,,<500 ,<200 , <500,,<200 ,<200 , <500,,<200 ,<200 , <500,,<200 ,<100 , <500,,-30,
Uzbekistan,<500 ,<500 , <1000,,<1000 ,<500 , <1000,,<1000 ,<500 , <1000,,<1000 ,<1000 , 1100,,<1000 ,<1000 , 1100,,<1000 ,<1000 , 1100,,<1000 ,<1000 , 1000,,<1000 ,<1000 , <1000,,<1000 ,<1000 , <1000,,<1000 ,<500 , <1000,,<1000 ,<500 , <1000,,<1000 ,<500 , <1000,,<1000 ,<1000 , <1000,,<1000 ,<500 , <1000,,35,
Venezuela (Bolivarian Republic of),... ,... , ...,,... ,... , ...,,... ,... , ...,,... ,... , ...,,... ,... , ...,,... ,... , ...,,... ,... , ...,,... ,... , ...,,... ,... , ...,,... ,... , ...,,... ,... , ...,,... ,... , ...,,... ,... , ...,,... ,... , ...,,...,
Viet Nam,6500 ,5000 , 8200,,6600 ,5100 , 8400,,6500 ,5000 , 8300,,6200 ,4600 , 7900,,5800 ,4300 , 7600,,5500 ,4000 , 7200,,5400 ,4000 , 7200,,5800 ,4200 , 7700,,6000 ,4400 , 7800,,5700 ,4200 , 7400,,5300 ,3900 , 7100,,4900 ,3500 , 6600,,4600 ,3300 , 6300,,4100 ,3000 , 5600,,-36,
Yemen,<500 ,<500 , <500,,<500 ,<500 , <500,,<500 ,<500 , <1000,,<500 ,<500 , <1000,,<500 ,<500 , <1000,,<500 ,<500 , <1000,,<1000 ,<500 , <1000,,<1000 ,<500 , <1000,,<1000 ,<500 , <1000,,<1000 ,<500 , <1000,,<1000 ,<500 , <1000,,<1000 ,<500 , 1000,,<1000 ,<500 , 1100,,<1000 ,<500 , 1100,,97,
Zambia,25 000 ,22 000 , 30 000,,24 000 ,21 000 , 28 000,,23 000 ,20 000 , 26 000,,22 000 ,19 000 , 25 000,,21 000 ,18 000 , 24 000,,21 000 ,18 000 , 24 000,,20 000 ,17 000 , 23 000,,19 000 ,16 000 , 23 000,,21 000 ,18 000 , 25 000,,23 000 ,20 000 , 26 000,,22 000 ,19 000 , 26 000,,20 000 ,17 000 , 23 000,,18 000 ,15 000 , 22 000,,17 000 ,14 000 , 20 000,,-32,
Zimbabwe,57 000 ,46 000 , 68 000,,45 000 ,37 000 , 54 000,,38 000 ,31 000 , 46 000,,34 000 ,28 000 , 41 000,,31 000 ,25 000 , 37 000,,30 000 ,24 000 , 36 000,,28 000 ,23 000 , 34 000,,27 000 ,22 000 , 33 000,,25 000 ,20 000 , 30 000,,24 000 ,20 000 , 29 000,,23 000 ,19 000 , 28 000,,22 000 ,18 000 , 27 000,,21 000 ,17 000 , 25 000,,19 000 ,16 000 , 23 000,,-66,
Global,1 300 000 ,1 000 000,1 700 000,,1 200 000 ,950 000,1 600 000,,1 100 000 ,880 000,1 500 000,,1 000 000 ,820 000,1 400 000,,980 000 ,770 000,1 300 000,,930 000 ,730 000,1 200 000,,880 000 ,690 000,1 100 000,,840 000 ,660 000,1 100 000,,790 000 ,620 000,1 000 000,,760 000 ,600 000,990 000,,730 000 ,570 000,940 000,,700 000 ,550 000,910 000,,670 000 ,530 000,870 000,,630 000 ,500 000,820 000,,-51,